id,name,lat,lon,department,municipality,dept_code
5001,MEDELLÍN - ANTIOQUIA,6.25644386238998,-75.6117252348796,ANTIOQUIA,MEDELLÍN,5
5002,ABEJORRAL - ANTIOQUIA,5.78175098773558,-75.4499817968746,ANTIOQUIA,ABEJORRAL,5
5004,ABRIAQUÍ - ANTIOQUIA,6.6307606235522,-76.0745670546631,ANTIOQUIA,ABRIAQUÍ,5
5021,ALEJANDRÍA - ANTIOQUIA,6.37447380153,-75.1430974124,ANTIOQUIA,ALEJANDRÍA,5
5030,AMAGÁ - ANTIOQUIA,6.03559300056528,-75.7055939648803,ANTIOQUIA,AMAGÁ,5
5031,AMALFI - ANTIOQUIA,6.85439144082,-74.9999255802,ANTIOQUIA,AMALFI,5
5034,ANDES - ANTIOQUIA,5.65068928446375,-75.9049662342875,ANTIOQUIA,ANDES,5
5036,ANGELÓPOLIS - ANTIOQUIA,6.1186823632572,-75.7141837418391,ANTIOQUIA,ANGELÓPOLIS,5
5038,ANGOSTURA - ANTIOQUIA,6.850507309955,-75.40879155305,ANTIOQUIA,ANGOSTURA,5
5040,ANORÍ - ANTIOQUIA,7.17401106080333,-75.1151410336167,ANTIOQUIA,ANORÍ,5
5042,SANTA FÉ DE ANTIOQUIA - ANTIOQUIA,6.53059658250687,-75.8983839312315,ANTIOQUIA,SANTA FÉ DE ANTIOQUIA,5
5044,ANZÁ - ANTIOQUIA,6.2986288009125,-75.911240837625,ANTIOQUIA,ANZÁ,5
5045,APARTADÓ - ANTIOQUIA,7.85974659531237,-76.6362500658955,ANTIOQUIA,APARTADÓ,5
5051,ARBOLETES - ANTIOQUIA,8.61931429945778,-76.4101329321889,ANTIOQUIA,ARBOLETES,5
5055,ARGELIA - ANTIOQUIA,5.73036774762,-75.1391944342,ANTIOQUIA,ARGELIA,5
5059,ARMENIA - ANTIOQUIA,6.15859994656,-75.80464680026,ANTIOQUIA,ARMENIA,5
5079,BARBOSA - ANTIOQUIA,6.44040853073286,-75.334736177107,ANTIOQUIA,BARBOSA,5
5086,BELMIRA - ANTIOQUIA,6.65640930027973,-75.64476474116,ANTIOQUIA,BELMIRA,5
5088,BELLO - ANTIOQUIA,6.3367088989451,-75.5712572743149,ANTIOQUIA,BELLO,5
5091,BETANIA - ANTIOQUIA,5.73854737553,-75.98386683165,ANTIOQUIA,BETANIA,5
5093,BETULIA - ANTIOQUIA,6.16487861867,-75.9680850282,ANTIOQUIA,BETULIA,5
5101,CIUDAD BOLÍVAR - ANTIOQUIA,5.83477897260234,-76.0077460156815,ANTIOQUIA,CIUDAD BOLÍVAR,5
5107,BRICEÑO - ANTIOQUIA,7.12802250580428,-75.5510380262908,ANTIOQUIA,BRICEÑO,5
5113,BURITICÁ - ANTIOQUIA,6.79625325747234,-75.9118564675048,ANTIOQUIA,BURITICÁ,5
5120,CÁCERES - ANTIOQUIA,7.74114318286015,-75.2596555065302,ANTIOQUIA,CÁCERES,5
5125,CAICEDO - ANTIOQUIA,6.40578758966,-75.984153352,ANTIOQUIA,CAICEDO,5
5129,CALDAS - ANTIOQUIA,6.07427164640749,-75.6331574269795,ANTIOQUIA,CALDAS,5
5134,CAMPAMENTO - ANTIOQUIA,7.023992017075,-75.2908582008,ANTIOQUIA,CAMPAMENTO,5
5138,CAÑASGORDAS - ANTIOQUIA,6.82065292699763,-76.0364511081853,ANTIOQUIA,CAÑASGORDAS,5
5142,CARACOLÍ - ANTIOQUIA,6.40250922802,-74.7592025032,ANTIOQUIA,CARACOLÍ,5
5145,CARAMANTA - ANTIOQUIA,5.55998970779333,-75.6207881137,ANTIOQUIA,CARAMANTA,5
5147,CAREPA - ANTIOQUIA,7.79465979691724,-76.674388356408,ANTIOQUIA,CAREPA,5
5148,EL CARMEN DE VIBORAL - ANTIOQUIA,6.02067426486618,-75.2904727197341,ANTIOQUIA,EL CARMEN DE VIBORAL,5
5150,CAROLINA - ANTIOQUIA,6.72599435248,-75.2835999381,ANTIOQUIA,CAROLINA,5
5154,CAUCASIA - ANTIOQUIA,7.92397047168128,-75.049310206906,ANTIOQUIA,CAUCASIA,5
5172,CHIGORODÓ - ANTIOQUIA,7.62667989034563,-76.6572283348878,ANTIOQUIA,CHIGORODÓ,5
5190,CISNEROS - ANTIOQUIA,6.53887519896,-75.0862390602,ANTIOQUIA,CISNEROS,5
5197,COCORNÁ - ANTIOQUIA,6.03124477761583,-75.1718353048569,ANTIOQUIA,COCORNÁ,5
5206,CONCEPCIÓN - ANTIOQUIA,6.39397607889,-75.256527061,ANTIOQUIA,CONCEPCIÓN,5
5209,CONCORDIA - ANTIOQUIA,6.0651443420425,-75.90482410785,ANTIOQUIA,CONCORDIA,5
5212,COPACABANA - ANTIOQUIA,6.35449100846823,-75.5012670634754,ANTIOQUIA,COPACABANA,5
5234,DABEIBA - ANTIOQUIA,6.99261430891493,-76.2393434133474,ANTIOQUIA,DABEIBA,5
5237,DONMATÍAS - ANTIOQUIA,6.5084947277607,-75.3561198296131,ANTIOQUIA,DONMATÍAS,5
5240,EBÉJICO - ANTIOQUIA,6.32340455227672,-75.7723081275238,ANTIOQUIA,EBÉJICO,5
5250,EL BAGRE - ANTIOQUIA,7.65830393813523,-74.7045437206548,ANTIOQUIA,EL BAGRE,5
5264,ENTRERRÍOS - ANTIOQUIA,6.56665004926,-75.5171548466,ANTIOQUIA,ENTRERRÍOS,5
5266,ENVIGADO - ANTIOQUIA,6.154903769219,-75.5479334227402,ANTIOQUIA,ENVIGADO,5
5282,FREDONIA - ANTIOQUIA,5.90963353354667,-75.6896793598333,ANTIOQUIA,FREDONIA,5
5284,FRONTINO - ANTIOQUIA,6.72763935562429,-76.2954435739429,ANTIOQUIA,FRONTINO,5
5306,GIRALDO - ANTIOQUIA,6.68627947766,-75.9490821979,ANTIOQUIA,GIRALDO,5
5308,GIRARDOTA - ANTIOQUIA,6.38038889656028,-75.447665398873,ANTIOQUIA,GIRARDOTA,5
5310,GÓMEZ PLATA - ANTIOQUIA,6.7415837683925,-75.198097733,ANTIOQUIA,GÓMEZ PLATA,5
5313,GRANADA - ANTIOQUIA,6.11329709128,-75.1391471475,ANTIOQUIA,GRANADA,5
5315,GUADALUPE - ANTIOQUIA,6.83617491977016,-75.2211238369915,ANTIOQUIA,GUADALUPE,5
5318,GUARNE - ANTIOQUIA,6.27074291826887,-75.4382360394929,ANTIOQUIA,GUARNE,5
5321,GUATAPÉ - ANTIOQUIA,6.23905532892545,-75.157073187146,ANTIOQUIA,GUATAPÉ,5
5347,HELICONIA - ANTIOQUIA,6.20327633979924,-75.7410816989168,ANTIOQUIA,HELICONIA,5
5353,HISPANIA - ANTIOQUIA,5.7988794992,-75.9049374881,ANTIOQUIA,HISPANIA,5
5360,ITAGÜÍ - ANTIOQUIA,6.18594816556429,-75.6148470022714,ANTIOQUIA,ITAGÜÍ,5
5361,ITUANGO - ANTIOQUIA,7.24175601303667,-75.7221960014889,ANTIOQUIA,ITUANGO,5
5364,JARDÍN - ANTIOQUIA,5.58121709492545,-75.8196668396194,ANTIOQUIA,JARDÍN,5
5368,JERICÓ - ANTIOQUIA,5.77736149719447,-75.7714338383538,ANTIOQUIA,JERICÓ,5
5376,LA CEJA - ANTIOQUIA,5.99492511822758,-75.4386801565568,ANTIOQUIA,LA CEJA,5
5380,LA ESTRELLA - ANTIOQUIA,6.14114133950636,-75.6480190944091,ANTIOQUIA,LA ESTRELLA,5
5390,LA PINTADA - ANTIOQUIA,5.7428589911584,-75.6042101871922,ANTIOQUIA,LA PINTADA,5
5400,LA UNIÓN - ANTIOQUIA,5.94667960708667,-75.3483849074667,ANTIOQUIA,LA UNIÓN,5
5411,LIBORINA - ANTIOQUIA,6.72460453637402,-75.7830247777198,ANTIOQUIA,LIBORINA,5
5425,MACEO - ANTIOQUIA,6.531542670255,-74.74372618595,ANTIOQUIA,MACEO,5
5440,MARINILLA - ANTIOQUIA,6.1735481398,-75.3380784357,ANTIOQUIA,MARINILLA,5
5467,MONTEBELLO - ANTIOQUIA,5.931163028946,-75.53266666056,ANTIOQUIA,MONTEBELLO,5
5475,MURINDÓ - ANTIOQUIA,6.86150827142384,-76.7850666151515,ANTIOQUIA,MURINDÓ,5
5480,MUTATÁ - ANTIOQUIA,7.31908882909016,-76.4977580117275,ANTIOQUIA,MUTATÁ,5
5483,NARIÑO - ANTIOQUIA,5.566215172905,-75.1841109242,ANTIOQUIA,NARIÑO,5
5490,NECOCLÍ - ANTIOQUIA,8.48973748097107,-76.6874345326453,ANTIOQUIA,NECOCLÍ,5
5495,NECHÍ - ANTIOQUIA,8.00647787938333,-74.8077504164833,ANTIOQUIA,NECHÍ,5
5501,OLAYA - ANTIOQUIA,6.61077165463738,-75.7868292690552,ANTIOQUIA,OLAYA,5
5541,PEÑOL - ANTIOQUIA,6.2216831826,-75.2123722544,ANTIOQUIA,PEÑOL,5
5543,PEQUE - ANTIOQUIA,7.0141423042185,-75.8835761048532,ANTIOQUIA,PEQUE,5
5576,PUEBLORRICO - ANTIOQUIA,5.79341608531,-75.8405778432,ANTIOQUIA,PUEBLORRICO,5
5579,PUERTO BERRÍO - ANTIOQUIA,6.47998299611846,-74.5248590660769,ANTIOQUIA,PUERTO BERRÍO,5
5585,PUERTO NARE - ANTIOQUIA,6.15991644902871,-74.6617034008996,ANTIOQUIA,PUERTO NARE,5
5591,PUERTO TRIUNFO - ANTIOQUIA,5.95104441608498,-74.6746352678891,ANTIOQUIA,PUERTO TRIUNFO,5
5604,REMEDIOS - ANTIOQUIA,7.00359967564664,-74.6108469344402,ANTIOQUIA,REMEDIOS,5
5607,RETIRO - ANTIOQUIA,6.05577126421083,-75.5123307820721,ANTIOQUIA,RETIRO,5
5615,RIONEGRO - ANTIOQUIA,6.15063408583784,-75.4095093842068,ANTIOQUIA,RIONEGRO,5
5628,SABANALARGA - ANTIOQUIA,6.88252187112,-75.7952057483667,ANTIOQUIA,SABANALARGA,5
5631,SABANETA - ANTIOQUIA,6.142306122329,-75.6116015602,ANTIOQUIA,SABANETA,5
5642,SALGAR - ANTIOQUIA,5.968479235384,-75.95154684296,ANTIOQUIA,SALGAR,5
5647,SAN ANDRÉS DE CUERQUÍA - ANTIOQUIA,6.92360963908,-75.6727731197,ANTIOQUIA,SAN ANDRÉS DE CUERQUÍA,5
5649,SAN CARLOS - ANTIOQUIA,6.18357066844857,-74.9342100453,ANTIOQUIA,SAN CARLOS,5
5652,SAN FRANCISCO - ANTIOQUIA,5.89194360648175,-75.006246959476,ANTIOQUIA,SAN FRANCISCO,5
5656,SAN JERÓNIMO - ANTIOQUIA,6.438958477232,-75.7060596875,ANTIOQUIA,SAN JERÓNIMO,5
5658,SAN JOSÉ DE LA MONTAÑA - ANTIOQUIA,6.84974120672,-75.6840821906,ANTIOQUIA,SAN JOSÉ DE LA MONTAÑA,5
5659,SAN JUAN DE URABÁ - ANTIOQUIA,8.71645654643167,-76.5586547887667,ANTIOQUIA,SAN JUAN DE URABÁ,5
5660,SAN LUIS - ANTIOQUIA,6.0227513718837,-74.9570785870792,ANTIOQUIA,SAN LUIS,5
5664,SAN PEDRO DE LOS MILAGROS - ANTIOQUIA,6.427635316535,-75.60328255235,ANTIOQUIA,SAN PEDRO DE LOS MILAGROS,5
5665,SAN PEDRO DE URABÁ - ANTIOQUIA,8.35814203939,-76.33085527464,ANTIOQUIA,SAN PEDRO DE URABÁ,5
5667,SAN RAFAEL - ANTIOQUIA,6.3023481349723,-75.013421691193,ANTIOQUIA,SAN RAFAEL,5
5670,SAN ROQUE - ANTIOQUIA,6.4960764901375,-74.9189211176,ANTIOQUIA,SAN ROQUE,5
5674,SAN VICENTE FERRER - ANTIOQUIA,6.29544000737,-75.29375111045,ANTIOQUIA,SAN VICENTE FERRER,5
5679,SANTA BÁRBARA - ANTIOQUIA,5.89215459237316,-75.5782947983351,ANTIOQUIA,SANTA BÁRBARA,5
5686,SANTA ROSA DE OSOS - ANTIOQUIA,6.64583407843333,-75.4113274682333,ANTIOQUIA,SANTA ROSA DE OSOS,5
5690,SANTO DOMINGO - ANTIOQUIA,6.528454717988,-75.17086267954,ANTIOQUIA,SANTO DOMINGO,5
5697,EL SANTUARIO - ANTIOQUIA,6.13596027701,-75.2613936054,ANTIOQUIA,EL SANTUARIO,5
5736,SEGOVIA - ANTIOQUIA,7.2053265715325,-74.7868168560125,ANTIOQUIA,SEGOVIA,5
5756,SONSÓN - ANTIOQUIA,5.780290137288,-75.02011229514,ANTIOQUIA,SONSÓN,5
5761,SOPETRÁN - ANTIOQUIA,6.52308994106123,-75.7613750929823,ANTIOQUIA,SOPETRÁN,5
5789,TÁMESIS - ANTIOQUIA,5.66748681870333,-75.6975237060333,ANTIOQUIA,TÁMESIS,5
5790,TARAZÁ - ANTIOQUIA,7.52125633271714,-75.3993764610143,ANTIOQUIA,TARAZÁ,5
5792,TARSO - ANTIOQUIA,5.86919219081247,-75.8267370510666,ANTIOQUIA,TARSO,5
5809,TITIRIBÍ - ANTIOQUIA,6.06096931342625,-75.797728637825,ANTIOQUIA,TITIRIBÍ,5
5819,TOLEDO - ANTIOQUIA,7.0238313873814,-75.6984041193282,ANTIOQUIA,TOLEDO,5
5837,TURBO - ANTIOQUIA,8.08463813293295,-76.6500947332689,ANTIOQUIA,TURBO,5
5842,URAMITA - ANTIOQUIA,6.8953449001836,-76.1424150561099,ANTIOQUIA,URAMITA,5
5847,URRAO - ANTIOQUIA,6.36336244093333,-76.1992046884736,ANTIOQUIA,URRAO,5
5854,VALDIVIA - ANTIOQUIA,7.2660596295402,-75.3859555785958,ANTIOQUIA,VALDIVIA,5
5856,VALPARAÍSO - ANTIOQUIA,5.61469852347,-75.6247151951,ANTIOQUIA,VALPARAÍSO,5
5858,VEGACHÍ - ANTIOQUIA,6.82104073452693,-74.7818466632122,ANTIOQUIA,VEGACHÍ,5
5861,VENECIA - ANTIOQUIA,5.95985761986167,-75.7808028681711,ANTIOQUIA,VENECIA,5
5873,VIGÍA DEL FUERTE - ANTIOQUIA,6.48032175783843,-76.7643663724279,ANTIOQUIA,VIGÍA DEL FUERTE,5
5885,YALÍ - ANTIOQUIA,6.69256514235615,-74.7984165229813,ANTIOQUIA,YALÍ,5
5887,YARUMAL - ANTIOQUIA,7.02620896,-75.436411384175,ANTIOQUIA,YARUMAL,5
5890,YOLOMBÓ - ANTIOQUIA,6.63079374683498,-74.9567174475639,ANTIOQUIA,YOLOMBÓ,5
5893,YONDÓ - ANTIOQUIA,6.94407510411766,-74.1238238214734,ANTIOQUIA,YONDÓ,5
5895,ZARAGOZA - ANTIOQUIA,7.5195080149775,-74.907826296275,ANTIOQUIA,ZARAGOZA,5
8001,BARRANQUILLA - ATLÁNTICO,10.9796493947,-74.8187880943,ATLÁNTICO,BARRANQUILLA,8
8078,BARANOA - ATLÁNTICO,10.7933838356,-74.93143892095,ATLÁNTICO,BARANOA,8
8137,CAMPO DE LA CRUZ - ATLÁNTICO,10.419721827,-74.8575816364,ATLÁNTICO,CAMPO DE LA CRUZ,8
8141,CANDELARIA - ATLÁNTICO,10.4718806810667,-74.8900389846,ATLÁNTICO,CANDELARIA,8
8296,GALAPA - ATLÁNTICO,10.8899978122,-74.90672785015,ATLÁNTICO,GALAPA,8
8372,JUAN DE ACOSTA - ATLÁNTICO,10.8318359729667,-75.0896356597167,ATLÁNTICO,JUAN DE ACOSTA,8
8421,LURUACO - ATLÁNTICO,10.62482175764,-75.17030193476,ATLÁNTICO,LURUACO,8
8433,MALAMBO - ATLÁNTICO,10.842085388975,-74.82239514005,ATLÁNTICO,MALAMBO,8
8436,MANATÍ - ATLÁNTICO,10.4370862167364,-75.0057012000466,ATLÁNTICO,MANATÍ,8
8520,PALMAR DE VARELA - ATLÁNTICO,10.7071950933,-74.7879810182,ATLÁNTICO,PALMAR DE VARELA,8
8549,PIOJÓ - ATLÁNTICO,10.7363952825771,-75.120549324421,ATLÁNTICO,PIOJÓ,8
8558,POLONUEVO - ATLÁNTICO,10.7941238948,-74.847010092,ATLÁNTICO,POLONUEVO,8
8560,PONEDERA - ATLÁNTICO,10.5969249593333,-74.8024975996,ATLÁNTICO,PONEDERA,8
8573,PUERTO COLOMBIA - ATLÁNTICO,11.0176722535,-74.9349190971667,ATLÁNTICO,PUERTO COLOMBIA,8
8606,REPELÓN - ATLÁNTICO,10.4973113920656,-75.1387409272043,ATLÁNTICO,REPELÓN,8
8634,SABANAGRANDE - ATLÁNTICO,10.7907678504,-74.7568486996,ATLÁNTICO,SABANAGRANDE,8
8638,SABANALARGA - ATLÁNTICO,10.59614618569,-74.96092764858,ATLÁNTICO,SABANALARGA,8
8675,SANTA LUCÍA - ATLÁNTICO,10.3377165497,-74.95666257205,ATLÁNTICO,SANTA LUCÍA,8
8685,SANTO TOMÁS - ATLÁNTICO,10.7580629353,-74.7524390475,ATLÁNTICO,SANTO TOMÁS,8
8758,SOLEDAD - ATLÁNTICO,10.9056320841,-74.7923421864,ATLÁNTICO,SOLEDAD,8
8770,SUAN - ATLÁNTICO,10.3336984851,-74.8801231433,ATLÁNTICO,SUAN,8
8832,TUBARÁ - ATLÁNTICO,10.9035699026178,-74.9970369281504,ATLÁNTICO,TUBARÁ,8
8849,USIACURÍ - ATLÁNTICO,10.7427773208,-74.9769331063,ATLÁNTICO,USIACURÍ,8
11001,"BOGOTÁ, D.C. - BOGOTÁ, D.C.",4.32664941085017,-74.184177901763,"BOGOTÁ, D.C.","BOGOTÁ, D.C.",11
13001,CARTAGENA DE INDIAS - BOLÍVAR,10.3622821798118,-75.5312470971167,BOLÍVAR,CARTAGENA DE INDIAS,13
13006,ACHÍ - BOLÍVAR,8.60652300096972,-74.4918405647109,BOLÍVAR,ACHÍ,13
13030,ALTOS DEL ROSARIO - BOLÍVAR,8.77242547246577,-74.2026792703856,BOLÍVAR,ALTOS DEL ROSARIO,13
13042,ARENAL - BOLÍVAR,8.40373279198,-74.02676539046,BOLÍVAR,ARENAL,13
13052,ARJONA - BOLÍVAR,10.1682213446055,-75.3618804692881,BOLÍVAR,ARJONA,13
13062,ARROYOHONDO - BOLÍVAR,10.2362868477167,-75.0269202423167,BOLÍVAR,ARROYOHONDO,13
13074,BARRANCO DE LOBA - BOLÍVAR,8.864843309428,-74.21015949698,BOLÍVAR,BARRANCO DE LOBA,13
13140,CALAMAR - BOLÍVAR,10.207838626878,-74.965309861865,BOLÍVAR,CALAMAR,13
13160,CANTAGALLO - BOLÍVAR,7.24708887469801,-74.0916663859347,BOLÍVAR,CANTAGALLO,13
13188,CICUCO - BOLÍVAR,9.23193885443497,-74.6954755418588,BOLÍVAR,CICUCO,13
13212,CÓRDOBA - BOLÍVAR,9.51351842466269,-74.8888473296734,BOLÍVAR,CÓRDOBA,13
13222,CLEMENCIA - BOLÍVAR,10.5519145179667,-75.2763048180333,BOLÍVAR,CLEMENCIA,13
13244,EL CARMEN DE BOLÍVAR - BOLÍVAR,9.70620033941504,-75.1858828124198,BOLÍVAR,EL CARMEN DE BOLÍVAR,13
13248,EL GUAMO - BOLÍVAR,10.0406036669567,-74.9017943275,BOLÍVAR,EL GUAMO,13
13268,EL PEÑÓN - BOLÍVAR,8.88734973072857,-73.9307298792143,BOLÍVAR,EL PEÑÓN,13
13300,HATILLO DE LOBA - BOLÍVAR,8.97563053974079,-74.1418537415844,BOLÍVAR,HATILLO DE LOBA,13
13430,MAGANGUÉ - BOLÍVAR,9.17287765437017,-74.7320433817295,BOLÍVAR,MAGANGUÉ,13
13433,MAHATES - BOLÍVAR,10.1745968178984,-75.1845873644972,BOLÍVAR,MAHATES,13
13440,MARGARITA - BOLÍVAR,9.08087132909053,-74.2330452091947,BOLÍVAR,MARGARITA,13
13442,MARÍA LA BAJA - BOLÍVAR,9.97395807141076,-75.3323574738912,BOLÍVAR,MARÍA LA BAJA,13
13458,MONTECRISTO - BOLÍVAR,8.059133900738,-74.49305967575,BOLÍVAR,MONTECRISTO,13
13468,MOMPÓS - BOLÍVAR,9.13760736321375,-74.5317129135042,BOLÍVAR,MOMPÓS,13
13473,MORALES - BOLÍVAR,8.26024836435779,-73.9003067635717,BOLÍVAR,MORALES,13
13490,NOROSÍ - BOLÍVAR,8.50874300620418,-74.1069459723091,BOLÍVAR,NOROSÍ,13
13549,PINILLOS - BOLÍVAR,8.86184744265973,-74.4035156781027,BOLÍVAR,PINILLOS,13
13580,REGIDOR - BOLÍVAR,8.72802904789106,-73.8263930919005,BOLÍVAR,REGIDOR,13
13600,RÍO VIEJO - BOLÍVAR,8.55434089177977,-73.9094832107767,BOLÍVAR,RÍO VIEJO,13
13620,SAN CRISTÓBAL - BOLÍVAR,10.3764353700333,-75.0790256648,BOLÍVAR,SAN CRISTÓBAL,13
13647,SAN ESTANISLAO - BOLÍVAR,10.3558902925,-75.17197591585,BOLÍVAR,SAN ESTANISLAO,13
13650,SAN FERNANDO - BOLÍVAR,9.12354115751357,-74.3526906297357,BOLÍVAR,SAN FERNANDO,13
13654,SAN JACINTO - BOLÍVAR,9.8376719216214,-75.1383278808,BOLÍVAR,SAN JACINTO,13
13655,SAN JACINTO DEL CAUCA - BOLÍVAR,8.26918812859,-74.6627708710125,BOLÍVAR,SAN JACINTO DEL CAUCA,13
13657,SAN JUAN NEPOMUCENO - BOLÍVAR,9.97071037511,-75.0451417445,BOLÍVAR,SAN JUAN NEPOMUCENO,13
13667,SAN MARTÍN DE LOBA - BOLÍVAR,8.82852817496109,-73.9999363352229,BOLÍVAR,SAN MARTÍN DE LOBA,13
13670,SAN PABLO - BOLÍVAR,7.5316748035119,-74.0546710669408,BOLÍVAR,SAN PABLO,13
13673,SANTA CATALINA - BOLÍVAR,10.6917473371058,-75.2675023081195,BOLÍVAR,SANTA CATALINA,13
13683,SANTA ROSA - BOLÍVAR,10.4454727189,-75.3691024298,BOLÍVAR,SANTA ROSA,13
13688,SANTA ROSA DEL SUR - BOLÍVAR,7.78608585739134,-74.2472588636143,BOLÍVAR,SANTA ROSA DEL SUR,13
13744,SIMITÍ - BOLÍVAR,7.84927362222274,-73.9789444917803,BOLÍVAR,SIMITÍ,13
13760,SOPLAVIENTO - BOLÍVAR,10.3894223653,-75.1393732218,BOLÍVAR,SOPLAVIENTO,13
13780,TALAIGUA NUEVO - BOLÍVAR,9.307146936551,-74.59399377827,BOLÍVAR,TALAIGUA NUEVO,13
13810,TIQUISIO - BOLÍVAR,8.51149336708782,-74.2970966824001,BOLÍVAR,TIQUISIO,13
13836,TURBACO - BOLÍVAR,10.3546809405711,-75.3681684134966,BOLÍVAR,TURBACO,13
13838,TURBANÁ - BOLÍVAR,10.2162515204667,-75.4553951659,BOLÍVAR,TURBANÁ,13
13873,VILLANUEVA - BOLÍVAR,10.4294337797113,-75.2784112327054,BOLÍVAR,VILLANUEVA,13
13894,ZAMBRANO - BOLÍVAR,9.7482718169403,-74.8532745950268,BOLÍVAR,ZAMBRANO,13
15001,TUNJA - BOYACÁ,5.53937063584,-73.3543638186,BOYACÁ,TUNJA,15
15022,ALMEIDA - BOYACÁ,4.97124101468,-73.3787857955,BOYACÁ,ALMEIDA,15
15047,AQUITANIA - BOYACÁ,5.44441149263929,-72.8800856812289,BOYACÁ,AQUITANIA,15
15051,ARCABUCO - BOYACÁ,5.75661447168,-73.4396912192,BOYACÁ,ARCABUCO,15
15087,BELÉN - BOYACÁ,5.98833686523,-72.9112545697,BOYACÁ,BELÉN,15
15090,BERBEO - BOYACÁ,5.2271520402,-73.1268643511,BOYACÁ,BERBEO,15
15092,BETÉITIVA - BOYACÁ,5.9100655591,-72.83707429775,BOYACÁ,BETÉITIVA,15
15097,BOAVITA - BOYACÁ,6.33067803458,-72.5847752243,BOYACÁ,BOAVITA,15
15104,BOYACÁ - BOYACÁ,5.45455383227,-73.3620268275,BOYACÁ,BOYACÁ,15
15106,BRICEÑO - BOYACÁ,5.69016431203,-73.9233039987,BOYACÁ,BRICEÑO,15
15109,BUENAVISTA - BOYACÁ,5.51174852719,-73.9409990293,BOYACÁ,BUENAVISTA,15
15114,BUSBANZÁ - BOYACÁ,5.83037889421,-72.8838834271,BOYACÁ,BUSBANZÁ,15
15131,CALDAS - BOYACÁ,5.57570486779,-73.8634646651,BOYACÁ,CALDAS,15
15135,CAMPOHERMOSO - BOYACÁ,5.01686976708333,-73.1505458073,BOYACÁ,CAMPOHERMOSO,15
15162,CERINZA - BOYACÁ,5.955976752,-72.9477205036,BOYACÁ,CERINZA,15
15172,CHINAVITA - BOYACÁ,5.16741662868,-73.3686289379,BOYACÁ,CHINAVITA,15
15176,CHIQUINQUIRÁ - BOYACÁ,5.61485105697,-73.8187107146,BOYACÁ,CHIQUINQUIRÁ,15
15180,CHISCAS - BOYACÁ,6.563769979115,-72.48585043485,BOYACÁ,CHISCAS,15
15183,CHITA - BOYACÁ,6.18742408063,-72.4735580541,BOYACÁ,CHITA,15
15185,CHITARAQUE - BOYACÁ,6.02747548905,-73.4469293634,BOYACÁ,CHITARAQUE,15
15187,CHIVATÁ - BOYACÁ,5.56040152608,-73.2808946232,BOYACÁ,CHIVATÁ,15
15189,CIÉNEGA - BOYACÁ,5.40952113356,-73.2960896762,BOYACÁ,CIÉNEGA,15
15204,CÓMBITA - BOYACÁ,5.65689776602,-73.3070780552,BOYACÁ,CÓMBITA,15
15212,COPER - BOYACÁ,5.4753923798,-74.0450352906,BOYACÁ,COPER,15
15215,CORRALES - BOYACÁ,5.82808297937,-72.8448075296,BOYACÁ,CORRALES,15
15218,COVARACHÍA - BOYACÁ,6.50027200205,-72.7389949186,BOYACÁ,COVARACHÍA,15
15223,CUBARÁ - BOYACÁ,6.96642134371,-72.1364103559,BOYACÁ,CUBARÁ,15
15224,CUCAITA - BOYACÁ,5.54301842098,-73.454200081,BOYACÁ,CUCAITA,15
15226,CUÍTIVA - BOYACÁ,5.590472741285,-72.9390120719,BOYACÁ,CUÍTIVA,15
15232,CHÍQUIZA - BOYACÁ,5.6237385068465,-73.4656735510899,BOYACÁ,CHÍQUIZA,15
15236,CHIVOR - BOYACÁ,4.88876763021,-73.3698003698,BOYACÁ,CHIVOR,15
15238,DUITAMA - BOYACÁ,5.82571245516625,-73.0566821680625,BOYACÁ,DUITAMA,15
15244,EL COCUY - BOYACÁ,6.41037802779,-72.4454127648,BOYACÁ,EL COCUY,15
15248,EL ESPINO - BOYACÁ,6.4826131397,-72.4963221128,BOYACÁ,EL ESPINO,15
15272,FIRAVITOBA - BOYACÁ,5.66912083496,-72.9937203959,BOYACÁ,FIRAVITOBA,15
15276,FLORESTA - BOYACÁ,5.858067845175,-72.931713494,BOYACÁ,FLORESTA,15
15293,GACHANTIVÁ - BOYACÁ,5.75196804738,-73.5493153358,BOYACÁ,GACHANTIVÁ,15
15296,GÁMEZA - BOYACÁ,5.80283711498,-72.8062102157,BOYACÁ,GÁMEZA,15
15299,GARAGOA - BOYACÁ,5.08228084885,-73.3647669702,BOYACÁ,GARAGOA,15
15317,GUACAMAYAS - BOYACÁ,6.45971197395,-72.500600213,BOYACÁ,GUACAMAYAS,15
15322,GUATEQUE - BOYACÁ,5.00708724993,-73.4722844817,BOYACÁ,GUATEQUE,15
15325,GUAYATÁ - BOYACÁ,4.96682008754,-73.4901186533,BOYACÁ,GUAYATÁ,15
15332,GÜICÁN DE LA SIERRA - BOYACÁ,6.46292958742,-72.4120601319,BOYACÁ,GÜICÁN DE LA SIERRA,15
15362,IZA - BOYACÁ,5.61235844867,-72.9796484028,BOYACÁ,IZA,15
15367,JENESANO - BOYACÁ,5.38487936219,-73.3639584567,BOYACÁ,JENESANO,15
15368,JERICÓ - BOYACÁ,6.150281797455,-72.55948748785,BOYACÁ,JERICÓ,15
15377,LABRANZAGRANDE - BOYACÁ,5.56235834208,-72.5775941245,BOYACÁ,LABRANZAGRANDE,15
15380,LA CAPILLA - BOYACÁ,5.09555866963,-73.445010629,BOYACÁ,LA CAPILLA,15
15401,LA VICTORIA - BOYACÁ,5.52314917168,-74.2345974039,BOYACÁ,LA VICTORIA,15
15403,LA UVITA - BOYACÁ,6.28111256227,-72.55224616765,BOYACÁ,LA UVITA,15
15407,VILLA DE LEYVA - BOYACÁ,5.63623795957,-73.5264455074,BOYACÁ,VILLA DE LEYVA,15
15425,MACANAL - BOYACÁ,4.99048819845,-73.2807048485,BOYACÁ,MACANAL,15
15442,MARIPÍ - BOYACÁ,5.58038008215965,-74.0308057707202,BOYACÁ,MARIPÍ,15
15455,MIRAFLORES - BOYACÁ,5.19594580009,-73.14486261,BOYACÁ,MIRAFLORES,15
15464,MONGUA - BOYACÁ,5.75283042742,-72.8002051309,BOYACÁ,MONGUA,15
15466,MONGUÍ - BOYACÁ,5.72336164372,-72.8488798848,BOYACÁ,MONGUÍ,15
15469,MONIQUIRÁ - BOYACÁ,5.86692599010333,-73.5644028477667,BOYACÁ,MONIQUIRÁ,15
15476,MOTAVITA - BOYACÁ,5.57754426501,-73.3681498024,BOYACÁ,MOTAVITA,15
15480,MUZO - BOYACÁ,5.52831127916125,-74.1097890220675,BOYACÁ,MUZO,15
15491,NOBSA - BOYACÁ,5.77326953086636,-72.9369104714455,BOYACÁ,NOBSA,15
15494,NUEVO COLÓN - BOYACÁ,5.35506695617,-73.4570665385,BOYACÁ,NUEVO COLÓN,15
15500,OICATÁ - BOYACÁ,5.59440917568,-73.3077536803,BOYACÁ,OICATÁ,15
15507,OTANCHE - BOYACÁ,5.75108373414888,-74.1889572775981,BOYACÁ,OTANCHE,15
15511,PACHAVITA - BOYACÁ,5.14022874452,-73.3971076544,BOYACÁ,PACHAVITA,15
15514,PÁEZ - BOYACÁ,5.10128700281667,-73.0097679885333,BOYACÁ,PÁEZ,15
15516,PAIPA - BOYACÁ,5.85419763235333,-73.1764847219667,BOYACÁ,PAIPA,15
15518,PAJARITO - BOYACÁ,5.35407533102667,-72.6988383615333,BOYACÁ,PAJARITO,15
15522,PANQUEBA - BOYACÁ,6.44256891347,-72.4589391962,BOYACÁ,PANQUEBA,15
15531,PAUNA - BOYACÁ,5.65653655177,-73.9785815826,BOYACÁ,PAUNA,15
15533,PAYA - BOYACÁ,5.641819607575,-72.3979924774,BOYACÁ,PAYA,15
15537,PAZ DE RÍO - BOYACÁ,6.009028096685,-72.75372558385,BOYACÁ,PAZ DE RÍO,15
15542,PESCA - BOYACÁ,5.55868752792,-73.050663428,BOYACÁ,PESCA,15
15550,PISBA - BOYACÁ,5.72305842393,-72.4831827809,BOYACÁ,PISBA,15
15572,PUERTO BOYACÁ - BOYACÁ,5.95431806709882,-74.4584470174608,BOYACÁ,PUERTO BOYACÁ,15
15580,QUÍPAMA - BOYACÁ,5.57350309933634,-74.2406164970339,BOYACÁ,QUÍPAMA,15
15599,RAMIRIQUÍ - BOYACÁ,5.32295076746984,-73.3156763729709,BOYACÁ,RAMIRIQUÍ,15
15600,RÁQUIRA - BOYACÁ,5.52989318865,-73.6184457307,BOYACÁ,RÁQUIRA,15
15621,RONDÓN - BOYACÁ,5.36954903226,-73.20294291245,BOYACÁ,RONDÓN,15
15632,SABOYÁ - BOYACÁ,5.725743253205,-73.7489249226,BOYACÁ,SABOYÁ,15
15638,SÁCHICA - BOYACÁ,5.58303012051,-73.5425258614,BOYACÁ,SÁCHICA,15
15646,SAMACÁ - BOYACÁ,5.47755600356333,-73.5107609848,BOYACÁ,SAMACÁ,15
15660,SAN EDUARDO - BOYACÁ,5.22420661716,-73.0766026379,BOYACÁ,SAN EDUARDO,15
15664,SAN JOSÉ DE PARE - BOYACÁ,6.01961048939,-73.5434490918,BOYACÁ,SAN JOSÉ DE PARE,15
15667,SAN LUIS DE GACENO - BOYACÁ,4.80189066329572,-73.1226175173857,BOYACÁ,SAN LUIS DE GACENO,15
15673,SAN MATEO - BOYACÁ,6.40183421353,-72.5549428659,BOYACÁ,SAN MATEO,15
15676,SAN MIGUEL DE SEMA - BOYACÁ,5.51772942922,-73.7219924849,BOYACÁ,SAN MIGUEL DE SEMA,15
15681,SAN PABLO DE BORBUR - BOYACÁ,5.6628929204425,-74.115698577525,BOYACÁ,SAN PABLO DE BORBUR,15
15686,SANTANA - BOYACÁ,6.0575994125864,-73.4871163161725,BOYACÁ,SANTANA,15
15690,SANTA MARÍA - BOYACÁ,4.85760064062,-73.2632587622,BOYACÁ,SANTA MARÍA,15
15693,SANTA ROSA DE VITERBO - BOYACÁ,5.87473860404,-72.9823863595,BOYACÁ,SANTA ROSA DE VITERBO,15
15696,SANTA SOFÍA - BOYACÁ,5.71227372283,-73.604182036,BOYACÁ,SANTA SOFÍA,15
15720,SATIVANORTE - BOYACÁ,6.120005457045,-72.70645823175,BOYACÁ,SATIVANORTE,15
15723,SATIVASUR - BOYACÁ,6.093234404,-72.7120698536,BOYACÁ,SATIVASUR,15
15740,SIACHOQUE - BOYACÁ,5.51101900101,-73.2451885941,BOYACÁ,SIACHOQUE,15
15753,SOATÁ - BOYACÁ,6.33365418585,-72.6833174046,BOYACÁ,SOATÁ,15
15755,SOCOTÁ - BOYACÁ,6.04117539594,-72.6364603722,BOYACÁ,SOCOTÁ,15
15757,SOCHA - BOYACÁ,5.97234052733077,-72.6849965684539,BOYACÁ,SOCHA,15
15759,SOGAMOSO - BOYACÁ,5.70447362736,-72.90994244104,BOYACÁ,SOGAMOSO,15
15761,SOMONDOCO - BOYACÁ,4.98580939218,-73.4333122291,BOYACÁ,SOMONDOCO,15
15762,SORA - BOYACÁ,5.56685654075,-73.4498672629,BOYACÁ,SORA,15
15763,SOTAQUIRÁ - BOYACÁ,5.76353500459667,-73.2446413413333,BOYACÁ,SOTAQUIRÁ,15
15764,SORACÁ - BOYACÁ,5.50108431683,-73.3328154953,BOYACÁ,SORACÁ,15
15774,SUSACÓN - BOYACÁ,6.2307747366,-72.6897880303,BOYACÁ,SUSACÓN,15
15776,SUTAMARCHÁN - BOYACÁ,5.62014390877,-73.6205637062,BOYACÁ,SUTAMARCHÁN,15
15778,SUTATENZA - BOYACÁ,5.02324263103,-73.4520467214,BOYACÁ,SUTATENZA,15
15790,TASCO - BOYACÁ,5.9151643536054,-72.7447166214622,BOYACÁ,TASCO,15
15798,TENZA - BOYACÁ,5.0768315662,-73.4216511523,BOYACÁ,TENZA,15
15804,TIBANÁ - BOYACÁ,5.31618446526,-73.3967445026,BOYACÁ,TIBANÁ,15
15806,TIBASOSA - BOYACÁ,5.7650331533,-73.0152012896333,BOYACÁ,TIBASOSA,15
15808,TINJACÁ - BOYACÁ,5.57901932907,-73.6471490956,BOYACÁ,TINJACÁ,15
15810,TIPACOQUE - BOYACÁ,6.4185770964232,-72.6931548059057,BOYACÁ,TIPACOQUE,15
15814,TOCA - BOYACÁ,5.56541863786,-73.1845174634,BOYACÁ,TOCA,15
15816,TOGÜÍ - BOYACÁ,5.93754576969,-73.5135719162,BOYACÁ,TOGÜÍ,15
15820,TÓPAGA - BOYACÁ,5.769449506085,-72.8488057063,BOYACÁ,TÓPAGA,15
15822,TOTA - BOYACÁ,5.56087990488,-72.9854281572,BOYACÁ,TOTA,15
15832,TUNUNGUÁ - BOYACÁ,5.73040797901,-73.9330350622,BOYACÁ,TUNUNGUÁ,15
15835,TURMEQUÉ - BOYACÁ,5.32384575013,-73.4885656969,BOYACÁ,TURMEQUÉ,15
15837,TUTA - BOYACÁ,5.69072807998,-73.2258853682,BOYACÁ,TUTA,15
15839,TUTAZÁ - BOYACÁ,6.05462250822,-72.85708909725,BOYACÁ,TUTAZÁ,15
15842,ÚMBITA - BOYACÁ,5.21775307518,-73.4574526682,BOYACÁ,ÚMBITA,15
15861,VENTAQUEMADA - BOYACÁ,5.39318983470239,-73.5033842901664,BOYACÁ,VENTAQUEMADA,15
15879,VIRACACHÁ - BOYACÁ,5.43670756257,-73.2966647004,BOYACÁ,VIRACACHÁ,15
15897,ZETAQUIRA - BOYACÁ,5.28434656469,-73.1720299685,BOYACÁ,ZETAQUIRA,15
17001,MANIZALES - CALDAS,5.08191468314077,-75.547405714066,CALDAS,MANIZALES,17
17013,AGUADAS - CALDAS,5.61536215014233,-75.4745686911807,CALDAS,AGUADAS,17
17042,ANSERMA - CALDAS,5.23363688278667,-75.7868740035,CALDAS,ANSERMA,17
17050,ARANZAZU - CALDAS,5.26651618322393,-75.4957892897512,CALDAS,ARANZAZU,17
17088,BELALCÁZAR - CALDAS,5.000939430714,-75.81328207286,CALDAS,BELALCÁZAR,17
17174,CHINCHINÁ - CALDAS,4.97394842541125,-75.659999681525,CALDAS,CHINCHINÁ,17
17272,FILADELFIA - CALDAS,5.2787837954,-75.5606527496429,CALDAS,FILADELFIA,17
17380,LA DORADA - CALDAS,5.50163236091455,-74.7071085523909,CALDAS,LA DORADA,17
17388,LA MERCED - CALDAS,5.39206045107488,-75.5633964843825,CALDAS,LA MERCED,17
17433,MANZANARES - CALDAS,5.237371513926,-75.12710060796,CALDAS,MANZANARES,17
17442,MARMATO - CALDAS,5.48758938299437,-75.601497545377,CALDAS,MARMATO,17
17444,MARQUETALIA - CALDAS,5.30364105314,-75.0270128774,CALDAS,MARQUETALIA,17
17446,MARULANDA - CALDAS,5.22324981504,-75.22984432935,CALDAS,MARULANDA,17
17486,NEIRA - CALDAS,5.17907786574619,-75.5632187181862,CALDAS,NEIRA,17
17495,NORCASIA - CALDAS,5.61290664445818,-74.8700311307693,CALDAS,NORCASIA,17
17513,PÁCORA - CALDAS,5.50280230817102,-75.4895251764785,CALDAS,PÁCORA,17
17524,PALESTINA - CALDAS,5.04817180557805,-75.6583727290384,CALDAS,PALESTINA,17
17541,PENSILVANIA - CALDAS,5.397528081325,-75.11251217589,CALDAS,PENSILVANIA,17
17614,RIOSUCIO - CALDAS,5.42730638486613,-75.7039255005751,CALDAS,RIOSUCIO,17
17616,RISARALDA - CALDAS,5.12775527773,-75.757540845275,CALDAS,RISARALDA,17
17653,SALAMINA - CALDAS,5.37584567479455,-75.4402998521649,CALDAS,SALAMINA,17
17662,SAMANÁ - CALDAS,5.52787938164958,-74.9806786099835,CALDAS,SAMANÁ,17
17665,SAN JOSÉ - CALDAS,5.07338259845667,-75.8127810407333,CALDAS,SAN JOSÉ,17
17777,SUPÍA - CALDAS,5.4560687274931,-75.6407588831057,CALDAS,SUPÍA,17
17867,VICTORIA - CALDAS,5.4200713340612,-74.8651766082937,CALDAS,VICTORIA,17
17873,VILLAMARÍA - CALDAS,4.98627294273801,-75.5310420372082,CALDAS,VILLAMARÍA,17
17877,VITERBO - CALDAS,5.06286441938,-75.8707592879,CALDAS,VITERBO,17
18001,FLORENCIA - CAQUETÁ,1.71672935108422,-75.5312055302179,CAQUETÁ,FLORENCIA,18
18029,ALBANIA - CAQUETÁ,1.233066838455,-75.895423126025,CAQUETÁ,ALBANIA,18
18094,BELÉN DE LOS ANDAQUÍES - CAQUETÁ,1.405482843985,-75.8506545875667,CAQUETÁ,BELÉN DE LOS ANDAQUÍES,18
18150,CARTAGENA DEL CHAIRÁ - CAQUETÁ,0.754428841452615,-74.4995368964308,CAQUETÁ,CARTAGENA DEL CHAIRÁ,18
18205,CURILLO - CAQUETÁ,1.107504600255,-75.9718664563,CAQUETÁ,CURILLO,18
18247,EL DONCELLO - CAQUETÁ,1.684684444616,-75.20794882404,CAQUETÁ,EL DONCELLO,18
18256,EL PAUJÍL - CAQUETÁ,1.50257995952333,-75.1930157099333,CAQUETÁ,EL PAUJÍL,18
18410,LA MONTAÑITA - CAQUETÁ,1.37727367554525,-75.3172347952953,CAQUETÁ,LA MONTAÑITA,18
18460,MILÁN - CAQUETÁ,1.12098159033131,-75.4043834932264,CAQUETÁ,MILÁN,18
18479,MORELIA - CAQUETÁ,1.48803902537,-75.7265584717,CAQUETÁ,MORELIA,18
18592,PUERTO RICO - CAQUETÁ,1.913456220205,-75.0995238138333,CAQUETÁ,PUERTO RICO,18
18610,SAN JOSÉ DEL FRAGUA - CAQUETÁ,1.2193721040125,-76.0975736501,CAQUETÁ,SAN JOSÉ DEL FRAGUA,18
18753,SAN VICENTE DEL CAGUÁN - CAQUETÁ,1.54121616953998,-74.379581613674,CAQUETÁ,SAN VICENTE DEL CAGUÁN,18
18756,SOLANO - CAQUETÁ,0.5244670865191,-73.5768087432056,CAQUETÁ,SOLANO,18
18785,SOLITA - CAQUETÁ,0.91572633058578,-75.6462706745222,CAQUETÁ,SOLITA,18
18860,VALPARAÍSO - CAQUETÁ,1.0973298246925,-75.679027758775,CAQUETÁ,VALPARAÍSO,18
19001,POPAYÁN - CAUCA,2.47142227007428,-76.6033454241571,CAUCA,POPAYÁN,19
19022,ALMAGUER - CAUCA,1.91099524451833,-76.8551783354167,CAUCA,ALMAGUER,19
19050,ARGELIA - CAUCA,2.34115274031875,-77.2470824173375,CAUCA,ARGELIA,19
19075,BALBOA - CAUCA,2.08525321490667,-77.2054839664,CAUCA,BALBOA,19
19100,BOLÍVAR - CAUCA,1.8563263488975,-76.9507754609167,CAUCA,BOLÍVAR,19
19110,BUENOS AIRES - CAUCA,3.014008375169,-76.62016524489,CAUCA,BUENOS AIRES,19
19130,CAJIBÍO - CAUCA,2.63449677397826,-76.6739677608862,CAUCA,CAJIBÍO,19
19137,CALDONO - CAUCA,2.80856931745871,-76.441645163071,CAUCA,CALDONO,19
19142,CALOTO - CAUCA,3.06594837653267,-76.3343392573,CAUCA,CALOTO,19
19212,CORINTO - CAUCA,3.14115306024143,-76.2273949308429,CAUCA,CORINTO,19
19256,EL TAMBO - CAUCA,2.52594404347714,-76.9830338613125,CAUCA,EL TAMBO,19
19290,FLORENCIA - CAUCA,1.69253966148333,-77.0788462647333,CAUCA,FLORENCIA,19
19300,GUACHENÉ - CAUCA,3.14387755611343,-76.3925246212887,CAUCA,GUACHENÉ,19
19318,GUAPÍ - CAUCA,2.44596585932093,-77.6884993400494,CAUCA,GUAPÍ,19
19355,INZÁ - CAUCA,2.51832927517853,-76.0734052890794,CAUCA,INZÁ,19
19364,JAMBALÓ - CAUCA,2.77802100734,-76.3244074327,CAUCA,JAMBALÓ,19
19392,LA SIERRA - CAUCA,2.18500734977255,-76.7778827665845,CAUCA,LA SIERRA,19
19397,LA VEGA - CAUCA,2.06256511276923,-76.7778487275308,CAUCA,LA VEGA,19
19418,LÓPEZ DE MICAY - CAUCA,2.97526805145464,-77.2329808022163,CAUCA,LÓPEZ DE MICAY,19
19450,MERCADERES - CAUCA,1.78764250599227,-77.1750478174267,CAUCA,MERCADERES,19
19455,MIRANDA - CAUCA,3.22205487253295,-76.2047963027712,CAUCA,MIRANDA,19
19473,MORALES - CAUCA,2.772843531045,-76.7287724235167,CAUCA,MORALES,19
19513,PADILLA - CAUCA,3.20336375407613,-76.3374452489247,CAUCA,PADILLA,19
19517,PÁEZ - CAUCA,2.67216074634052,-75.990257662547,CAUCA,PÁEZ,19
19532,PATÍA - CAUCA,2.13536557320442,-77.0642050529055,CAUCA,PATÍA,19
19533,PIAMONTE - CAUCA,1.13897943211651,-76.3688348213678,CAUCA,PIAMONTE,19
19548,PIENDAMÓ - TUNÍA - CAUCA,2.65587738931,-76.53294923045,CAUCA,PIENDAMÓ - TUNÍA,19
19573,PUERTO TEJADA - CAUCA,3.25245202956048,-76.4209670466747,CAUCA,PUERTO TEJADA,19
19585,PURACÉ - CAUCA,2.30980112188383,-76.3692367467394,CAUCA,PURACÉ,19
19622,ROSAS - CAUCA,2.2538721710975,-76.754118896425,CAUCA,ROSAS,19
19693,SAN SEBASTIÁN - CAUCA,1.838357749576,-76.75319456482,CAUCA,SAN SEBASTIÁN,19
19698,SANTANDER DE QUILICHAO - CAUCA,2.9872832451449,-76.5033673292979,CAUCA,SANTANDER DE QUILICHAO,19
19701,SANTA ROSA - CAUCA,1.59265532621833,-76.5704382157667,CAUCA,SANTA ROSA,19
19743,SILVIA - CAUCA,2.6681771107425,-76.386740760275,CAUCA,SILVIA,19
19760,SOTARA - CAUCA,2.20081794873887,-76.6270960104793,CAUCA,SOTARA,19
19780,SUÁREZ - CAUCA,2.93908141950304,-76.7352261032816,CAUCA,SUÁREZ,19
19785,SUCRE - CAUCA,2.05391516797667,-76.9180889522333,CAUCA,SUCRE,19
19807,TIMBÍO - CAUCA,2.3646576169891,-76.7023687058567,CAUCA,TIMBÍO,19
19809,TIMBIQUÍ - CAUCA,2.72314383562312,-77.5385230468813,CAUCA,TIMBIQUÍ,19
19821,TORIBÍO - CAUCA,2.97049478433392,-76.2412078818374,CAUCA,TORIBÍO,19
19824,TOTORÓ - CAUCA,2.51679458008,-76.3846897086667,CAUCA,TOTORÓ,19
19845,VILLA RICA - CAUCA,3.18082958414,-76.4620845697857,CAUCA,VILLA RICA,19
20001,VALLEDUPAR - CESAR,10.3884628004871,-73.3937462666025,CESAR,VALLEDUPAR,20
20011,AGUACHICA - CESAR,8.20322143165739,-73.6490110790774,CESAR,AGUACHICA,20
20013,AGUSTÍN CODAZZI - CESAR,9.942122326906,-73.24328917574,CESAR,AGUSTÍN CODAZZI,20
20032,ASTREA - CESAR,9.51230018673412,-73.9193497611619,CESAR,ASTREA,20
20045,BECERRIL - CESAR,9.68456099552667,-73.2485842786,CESAR,BECERRIL,20
20060,BOSCONIA - CESAR,9.93999875504333,-73.8644475004667,CESAR,BOSCONIA,20
20175,CHIMICHAGUA - CESAR,9.23538004223933,-73.8079933149537,CESAR,CHIMICHAGUA,20
20178,CHIRIGUANÁ - CESAR,9.410358447495,-73.52654676867,CESAR,CHIRIGUANÁ,20
20228,CURUMANÍ - CESAR,9.23903148122292,-73.5528000936054,CESAR,CURUMANÍ,20
20238,EL COPEY - CESAR,10.2359866811,-73.918991528425,CESAR,EL COPEY,20
20250,EL PASO - CESAR,9.67598844898421,-73.6783878406801,CESAR,EL PASO,20
20295,GAMARRA - CESAR,8.31002097162286,-73.7434773478571,CESAR,GAMARRA,20
20310,GONZÁLEZ - CESAR,8.402734092244,-73.37585133916,CESAR,GONZÁLEZ,20
20383,LA GLORIA - CESAR,8.58150706420432,-73.6901129280644,CESAR,LA GLORIA,20
20400,LA JAGUA DE IBIRICO - CESAR,9.57043571847,-73.3482899216,CESAR,LA JAGUA DE IBIRICO,20
20443,MANAURE BALCÓN DEL CESAR - CESAR,10.3907483154,-73.028834101,CESAR,MANAURE BALCÓN DEL CESAR,20
20517,PAILITAS - CESAR,8.90513744877793,-73.6332280982288,CESAR,PAILITAS,20
20550,PELAYA - CESAR,8.69908241310333,-73.7037137255667,CESAR,PELAYA,20
20570,PUEBLO BELLO - CESAR,10.4202474425877,-73.6278214969544,CESAR,PUEBLO BELLO,20
20614,RÍO DE ORO - CESAR,8.16726542532013,-73.5043474101976,CESAR,RÍO DE ORO,20
20621,LA PAZ - CESAR,10.2811985046352,-73.1343890097744,CESAR,LA PAZ,20
20710,SAN ALBERTO - CESAR,7.752595068466,-73.44245594042,CESAR,SAN ALBERTO,20
20750,SAN DIEGO - CESAR,10.26273498835,-73.2028335846,CESAR,SAN DIEGO,20
20770,SAN MARTÍN - CESAR,7.91450542851777,-73.5652109079755,CESAR,SAN MARTÍN,20
20787,TAMALAMEQUE - CESAR,8.87814896990025,-73.7660145898793,CESAR,TAMALAMEQUE,20
23001,MONTERÍA - CÓRDOBA,8.59038606382667,-75.9410660141315,CÓRDOBA,MONTERÍA,23
23068,AYAPEL - CÓRDOBA,8.3043916661538,-75.0916826115207,CÓRDOBA,AYAPEL,23
23079,BUENAVISTA - CÓRDOBA,8.18460118075338,-75.4331084066992,CÓRDOBA,BUENAVISTA,23
23090,CANALETE - CÓRDOBA,8.72059948314667,-76.2166212475444,CÓRDOBA,CANALETE,23
23162,CERETÉ - CÓRDOBA,8.89184069718168,-75.8202040031555,CÓRDOBA,CERETÉ,23
23168,CHIMÁ - CÓRDOBA,9.12812031393373,-75.6328144034825,CÓRDOBA,CHIMÁ,23
23182,CHINÚ - CÓRDOBA,9.04678977015483,-75.3724743790621,CÓRDOBA,CHINÚ,23
23189,CIÉNAGA DE ORO - CÓRDOBA,8.84338413896801,-75.6032493604751,CÓRDOBA,CIÉNAGA DE ORO,23
23300,COTORRA - CÓRDOBA,9.06146316397593,-75.7756236707194,CÓRDOBA,COTORRA,23
23350,LA APARTADA - CÓRDOBA,8.035339653118,-75.3141351794,CÓRDOBA,LA APARTADA,23
23417,LORICA - CÓRDOBA,9.16301242031868,-75.8831275005392,CÓRDOBA,LORICA,23
23419,LOS CÓRDOBAS - CÓRDOBA,8.84871498604692,-76.2915015100385,CÓRDOBA,LOS CÓRDOBAS,23
23464,MOMIL - CÓRDOBA,9.27056757252521,-75.6488680528711,CÓRDOBA,MOMIL,23
23466,MONTELÍBANO - CÓRDOBA,8.00892840667273,-75.5820619357273,CÓRDOBA,MONTELÍBANO,23
23500,MOÑITOS - CÓRDOBA,9.2000035542342,-76.1293490604368,CÓRDOBA,MOÑITOS,23
23555,PLANETA RICA - CÓRDOBA,8.29024375842124,-75.624508103726,CÓRDOBA,PLANETA RICA,23
23570,PUEBLO NUEVO - CÓRDOBA,8.49370900876665,-75.4273170027272,CÓRDOBA,PUEBLO NUEVO,23
23574,PUERTO ESCONDIDO - CÓRDOBA,8.99316269293784,-76.1968782914489,CÓRDOBA,PUERTO ESCONDIDO,23
23580,PUERTO LIBERTADOR - CÓRDOBA,7.79142470829423,-75.7509440450558,CÓRDOBA,PUERTO LIBERTADOR,23
23586,PURÍSIMA DE LA CONCEPCIÓN - CÓRDOBA,9.27411781201849,-75.7214635478576,CÓRDOBA,PURÍSIMA DE LA CONCEPCIÓN,23
23660,SAHAGÚN - CÓRDOBA,8.79875011373582,-75.4342931445119,CÓRDOBA,SAHAGÚN,23
23670,SAN ANDRÉS DE SOTAVENTO - CÓRDOBA,9.12680123842385,-75.5202100738573,CÓRDOBA,SAN ANDRÉS DE SOTAVENTO,23
23672,SAN ANTERO - CÓRDOBA,9.34597053356262,-75.779543150667,CÓRDOBA,SAN ANTERO,23
23675,SAN BERNARDO DEL VIENTO - CÓRDOBA,9.32035283513518,-75.9937890923935,CÓRDOBA,SAN BERNARDO DEL VIENTO,23
23678,SAN CARLOS - CÓRDOBA,8.68627499155408,-75.6975412711822,CÓRDOBA,SAN CARLOS,23
23682,SAN JOSÉ DE URÉ - CÓRDOBA,7.78133900348665,-75.5555371257551,CÓRDOBA,SAN JOSÉ DE URÉ,23
23686,SAN PELAYO - CÓRDOBA,8.98129772708735,-75.8666823012257,CÓRDOBA,SAN PELAYO,23
23807,TIERRALTA - CÓRDOBA,7.98210087072397,-76.0721741937431,CÓRDOBA,TIERRALTA,23
23815,TUCHÍN - CÓRDOBA,9.22461688881703,-75.5435082441747,CÓRDOBA,TUCHÍN,23
23855,VALENCIA - CÓRDOBA,8.22420660980508,-76.2082780612307,CÓRDOBA,VALENCIA,23
25001,AGUA DE DIOS - CUNDINAMARCA,4.37585313348,-74.6695456055,CUNDINAMARCA,AGUA DE DIOS,25
25019,ALBÁN - CUNDINAMARCA,4.9000379562875,-74.446046627275,CUNDINAMARCA,ALBÁN,25
25035,ANAPOIMA - CUNDINAMARCA,4.548102882905,-74.507356359675,CUNDINAMARCA,ANAPOIMA,25
25040,ANOLAIMA - CUNDINAMARCA,4.78990099565,-74.4765045223,CUNDINAMARCA,ANOLAIMA,25
25053,ARBELÁEZ - CUNDINAMARCA,4.25251039502,-74.4061620939,CUNDINAMARCA,ARBELÁEZ,25
25086,BELTRÁN - CUNDINAMARCA,4.7253888126475,-74.76916547535,CUNDINAMARCA,BELTRÁN,25
25095,BITUIMA - CUNDINAMARCA,4.81899445739667,-74.5356447212667,CUNDINAMARCA,BITUIMA,25
25099,BOJACÁ - CUNDINAMARCA,4.723647709385,-74.34080271355,CUNDINAMARCA,BOJACÁ,25
25120,CABRERA - CUNDINAMARCA,3.98482848051,-74.4842837632,CUNDINAMARCA,CABRERA,25
25123,CACHIPAY - CUNDINAMARCA,4.71794811664967,-74.4590831704871,CUNDINAMARCA,CACHIPAY,25
25126,CAJICÁ - CUNDINAMARCA,4.92805735511145,-74.0306458925348,CUNDINAMARCA,CAJICÁ,25
25148,CAPARRAPÍ - CUNDINAMARCA,5.395212651587,-74.52788025667,CUNDINAMARCA,CAPARRAPÍ,25
25151,CÁQUEZA - CUNDINAMARCA,4.40366546922,-73.9465739177,CUNDINAMARCA,CÁQUEZA,25
25154,CARMEN DE CARUPA - CUNDINAMARCA,5.34908578768,-73.9009831039,CUNDINAMARCA,CARMEN DE CARUPA,25
25168,CHAGUANÍ - CUNDINAMARCA,4.94773060064,-74.592714462,CUNDINAMARCA,CHAGUANÍ,25
25175,CHÍA - CUNDINAMARCA,4.86284480254968,-74.0467704716811,CUNDINAMARCA,CHÍA,25
25178,CHIPAQUE - CUNDINAMARCA,4.43208171552673,-74.0351610470137,CUNDINAMARCA,CHIPAQUE,25
25181,CHOACHÍ - CUNDINAMARCA,4.52901585653,-73.9229671902,CUNDINAMARCA,CHOACHÍ,25
25183,CHOCONTÁ - CUNDINAMARCA,5.14485856952,-73.6832205258,CUNDINAMARCA,CHOCONTÁ,25
25200,COGUA - CUNDINAMARCA,5.08258393327546,-73.9773872674182,CUNDINAMARCA,COGUA,25
25214,COTA - CUNDINAMARCA,4.8087009681,-74.1029336394,CUNDINAMARCA,COTA,25
25224,CUCUNUBÁ - CUNDINAMARCA,5.25059033207,-73.766310612,CUNDINAMARCA,CUCUNUBÁ,25
25245,EL COLEGIO - CUNDINAMARCA,4.5655096620525,-74.43065851275,CUNDINAMARCA,EL COLEGIO,25
25258,EL PEÑÓN - CUNDINAMARCA,5.26361181981333,-74.3114047054,CUNDINAMARCA,EL PEÑÓN,25
25260,EL ROSAL - CUNDINAMARCA,4.8723435405275,-74.24317510835,CUNDINAMARCA,EL ROSAL,25
25269,FACATATIVÁ - CUNDINAMARCA,4.82908587171235,-74.3442319004412,CUNDINAMARCA,FACATATIVÁ,25
25279,FÓMEQUE - CUNDINAMARCA,4.49336301196,-73.89777918375,CUNDINAMARCA,FÓMEQUE,25
25281,FOSCA - CUNDINAMARCA,4.33301353186667,-73.9354097400667,CUNDINAMARCA,FOSCA,25
25286,FUNZA - CUNDINAMARCA,4.73692816942128,-74.1993234067999,CUNDINAMARCA,FUNZA,25
25288,FÚQUENE - CUNDINAMARCA,5.40985936396333,-73.7769846536667,CUNDINAMARCA,FÚQUENE,25
25290,FUSAGASUGÁ - CUNDINAMARCA,4.34497881149687,-74.3988478276231,CUNDINAMARCA,FUSAGASUGÁ,25
25293,GACHALÁ - CUNDINAMARCA,4.68442730887667,-73.4966808006667,CUNDINAMARCA,GACHALÁ,25
25295,GACHANCIPÁ - CUNDINAMARCA,4.98360736172,-73.8798980836,CUNDINAMARCA,GACHANCIPÁ,25
25297,GACHETÁ - CUNDINAMARCA,4.840751367065,-73.6277582432,CUNDINAMARCA,GACHETÁ,25
25299,GAMA - CUNDINAMARCA,4.74310773931,-73.60563819065,CUNDINAMARCA,GAMA,25
25307,GIRARDOT - CUNDINAMARCA,4.34023174222875,-74.8048218182625,CUNDINAMARCA,GIRARDOT,25
25312,GRANADA - CUNDINAMARCA,4.51426481076667,-74.3506930550333,CUNDINAMARCA,GRANADA,25
25317,GUACHETÁ - CUNDINAMARCA,5.38359008958,-73.6868961185,CUNDINAMARCA,GUACHETÁ,25
25320,GUADUAS - CUNDINAMARCA,5.11927291203667,-74.6046452260667,CUNDINAMARCA,GUADUAS,25
25322,GUASCA - CUNDINAMARCA,4.83007007271,-73.8860585752333,CUNDINAMARCA,GUASCA,25
25324,GUATAQUÍ - CUNDINAMARCA,4.49826325166333,-74.7913229481333,CUNDINAMARCA,GUATAQUÍ,25
25326,GUATAVITA - CUNDINAMARCA,4.92411043664,-73.8097417779,CUNDINAMARCA,GUATAVITA,25
25328,GUAYABAL DE SÍQUIMA - CUNDINAMARCA,4.859387023455,-74.47032463255,CUNDINAMARCA,GUAYABAL DE SÍQUIMA,25
25335,GUAYABETAL - CUNDINAMARCA,4.23204530304899,-73.832322041456,CUNDINAMARCA,GUAYABETAL,25
25339,GUTIÉRREZ - CUNDINAMARCA,4.19645865856,-74.0159087251333,CUNDINAMARCA,GUTIÉRREZ,25
25368,JERUSALÉN - CUNDINAMARCA,4.56243784729,-74.6946601122,CUNDINAMARCA,JERUSALÉN,25
25372,JUNÍN - CUNDINAMARCA,4.71452808716174,-73.6766116012787,CUNDINAMARCA,JUNÍN,25
25377,LA CALERA - CUNDINAMARCA,4.69638650707182,-73.9337995357455,CUNDINAMARCA,LA CALERA,25
25386,LA MESA - CUNDINAMARCA,4.6560474888375,-74.46726465505,CUNDINAMARCA,LA MESA,25
25394,LA PALMA - CUNDINAMARCA,5.35896522525,-74.3909112772,CUNDINAMARCA,LA PALMA,25
25398,LA PEÑA - CUNDINAMARCA,5.19887437828,-74.3940765359,CUNDINAMARCA,LA PEÑA,25
25402,LA VEGA - CUNDINAMARCA,4.99054270397,-74.3311543673,CUNDINAMARCA,LA VEGA,25
25407,LENGUAZAQUE - CUNDINAMARCA,5.30602649574,-73.7114452271,CUNDINAMARCA,LENGUAZAQUE,25
25426,MACHETÁ - CUNDINAMARCA,5.0799154903,-73.6065091545,CUNDINAMARCA,MACHETÁ,25
25430,MADRID - CUNDINAMARCA,4.79848857137167,-74.25934074775,CUNDINAMARCA,MADRID,25
25436,MANTA - CUNDINAMARCA,5.00919863012,-73.5404699987,CUNDINAMARCA,MANTA,25
25438,MEDINA - CUNDINAMARCA,4.44913260212857,-73.3863244314143,CUNDINAMARCA,MEDINA,25
25473,MOSQUERA - CUNDINAMARCA,4.68339002919058,-74.2385310188379,CUNDINAMARCA,MOSQUERA,25
25483,NARIÑO - CUNDINAMARCA,4.39920338244,-74.8267466425,CUNDINAMARCA,NARIÑO,25
25486,NEMOCÓN - CUNDINAMARCA,5.08934131300927,-73.8836801754958,CUNDINAMARCA,NEMOCÓN,25
25488,NILO - CUNDINAMARCA,4.31115786911577,-74.5979018862008,CUNDINAMARCA,NILO,25
25489,NIMAIMA - CUNDINAMARCA,5.12443484564,-74.4183258479,CUNDINAMARCA,NIMAIMA,25
25491,NOCAIMA - CUNDINAMARCA,5.061250137885,-74.3887284625,CUNDINAMARCA,NOCAIMA,25
25506,VENECIA - CUNDINAMARCA,4.06719443690333,-74.4928501092333,CUNDINAMARCA,VENECIA,25
25513,PACHO - CUNDINAMARCA,5.202820237395,-74.18326346265,CUNDINAMARCA,PACHO,25
25518,PAIME - CUNDINAMARCA,5.37249904826,-74.17309844258,CUNDINAMARCA,PAIME,25
25524,PANDI - CUNDINAMARCA,4.19123152625,-74.4867344587,CUNDINAMARCA,PANDI,25
25530,PARATEBUENO - CUNDINAMARCA,4.44466176075692,-73.2229891742142,CUNDINAMARCA,PARATEBUENO,25
25535,PASCA - CUNDINAMARCA,4.301663290295,-74.2895586012,CUNDINAMARCA,PASCA,25
25572,PUERTO SALGAR - CUNDINAMARCA,5.60049080279,-74.611326594775,CUNDINAMARCA,PUERTO SALGAR,25
25580,PULÍ - CUNDINAMARCA,4.688018439125,-74.65419644155,CUNDINAMARCA,PULÍ,25
25592,QUEBRADANEGRA - CUNDINAMARCA,5.10686192086333,-74.4728512105333,CUNDINAMARCA,QUEBRADANEGRA,25
25594,QUETAME - CUNDINAMARCA,4.33109389134277,-73.8620393376145,CUNDINAMARCA,QUETAME,25
25596,QUIPILE - CUNDINAMARCA,4.734915328546,-74.55816832986,CUNDINAMARCA,QUIPILE,25
25599,APULO - CUNDINAMARCA,4.52796012335,-74.5892974772,CUNDINAMARCA,APULO,25
25612,RICAURTE - CUNDINAMARCA,4.28921359796143,-74.7410520261286,CUNDINAMARCA,RICAURTE,25
25645,SAN ANTONIO DEL TEQUENDAMA - CUNDINAMARCA,4.59860496141125,-74.366470017225,CUNDINAMARCA,SAN ANTONIO DEL TEQUENDAMA,25
25649,SAN BERNARDO - CUNDINAMARCA,4.160877927935,-74.3898138985,CUNDINAMARCA,SAN BERNARDO,25
25653,SAN CAYETANO - CUNDINAMARCA,5.335756271516,-74.07682348772,CUNDINAMARCA,SAN CAYETANO,25
25658,SAN FRANCISCO - CUNDINAMARCA,4.97248326158,-74.2896976345,CUNDINAMARCA,SAN FRANCISCO,25
25662,SAN JUAN DE RIOSECO - CUNDINAMARCA,4.84184387118667,-74.6771132942667,CUNDINAMARCA,SAN JUAN DE RIOSECO,25
25718,SASAIMA - CUNDINAMARCA,4.96211397458,-74.4329479077,CUNDINAMARCA,SASAIMA,25
25736,SESQUILÉ - CUNDINAMARCA,5.038125153735,-73.794474842975,CUNDINAMARCA,SESQUILÉ,25
25740,SIBATÉ - CUNDINAMARCA,4.47823684911,-74.257805608,CUNDINAMARCA,SIBATÉ,25
25743,SILVANIA - CUNDINAMARCA,4.432194021725,-74.384637893775,CUNDINAMARCA,SILVANIA,25
25745,SIMIJACA - CUNDINAMARCA,5.50427819044565,-73.8423774818131,CUNDINAMARCA,SIMIJACA,25
25754,SOACHA - CUNDINAMARCA,4.55177279609,-74.2328241449333,CUNDINAMARCA,SOACHA,25
25758,SOPÓ - CUNDINAMARCA,4.90528823223,-73.9586852654333,CUNDINAMARCA,SOPÓ,25
25769,SUBACHOQUE - CUNDINAMARCA,4.9572020614476,-74.1546279198942,CUNDINAMARCA,SUBACHOQUE,25
25772,SUESCA - CUNDINAMARCA,5.1277291093525,-73.760629490325,CUNDINAMARCA,SUESCA,25
25777,SUPATÁ - CUNDINAMARCA,5.04801298087,-74.25358385595,CUNDINAMARCA,SUPATÁ,25
25779,SUSA - CUNDINAMARCA,5.45327943347,-73.8136833668,CUNDINAMARCA,SUSA,25
25781,SUTATAUSA - CUNDINAMARCA,5.24402028877545,-73.8547856701602,CUNDINAMARCA,SUTATAUSA,25
25785,TABIO - CUNDINAMARCA,4.92857139933375,-74.0943842504875,CUNDINAMARCA,TABIO,25
25793,TAUSA - CUNDINAMARCA,5.18370638101,-73.9045973818,CUNDINAMARCA,TAUSA,25
25797,TENA - CUNDINAMARCA,4.65262630189,-74.40204672085,CUNDINAMARCA,TENA,25
25799,TENJO - CUNDINAMARCA,4.84704663854714,-74.1450461448682,CUNDINAMARCA,TENJO,25
25805,TIBACUY - CUNDINAMARCA,4.3340554713,-74.4790716927667,CUNDINAMARCA,TIBACUY,25
25807,TIBIRITA - CUNDINAMARCA,5.05244592211,-73.5046538029,CUNDINAMARCA,TIBIRITA,25
25815,TOCAIMA - CUNDINAMARCA,4.436439107376,-74.67631282448,CUNDINAMARCA,TOCAIMA,25
25817,TOCANCIPÁ - CUNDINAMARCA,4.96686420993426,-73.9305114851385,CUNDINAMARCA,TOCANCIPÁ,25
25823,TOPAIPÍ - CUNDINAMARCA,5.35615949000333,-74.2915085494,CUNDINAMARCA,TOPAIPÍ,25
25839,UBALÁ - CUNDINAMARCA,4.76333546282562,-73.4174562246905,CUNDINAMARCA,UBALÁ,25
25841,UBAQUE - CUNDINAMARCA,4.48378896934,-73.9341737281,CUNDINAMARCA,UBAQUE,25
25843,VILLA DE SAN DIEGO DE UBATÉ - CUNDINAMARCA,5.31453836973212,-73.8202945048301,CUNDINAMARCA,VILLA DE SAN DIEGO DE UBATÉ,25
25845,UNE - CUNDINAMARCA,4.3521659481251,-74.0466503083028,CUNDINAMARCA,UNE,25
25851,ÚTICA - CUNDINAMARCA,5.19089695391,-74.4835295388,CUNDINAMARCA,ÚTICA,25
25862,VERGARA - CUNDINAMARCA,5.136993935068,-74.30242459944,CUNDINAMARCA,VERGARA,25
25867,VIANÍ - CUNDINAMARCA,4.87524411005,-74.5614873454,CUNDINAMARCA,VIANÍ,25
25871,VILLAGÓMEZ - CUNDINAMARCA,5.27318303948,-74.1951646544,CUNDINAMARCA,VILLAGÓMEZ,25
25873,VILLAPINZÓN - CUNDINAMARCA,5.21481263033,-73.5968135965,CUNDINAMARCA,VILLAPINZÓN,25
25875,VILLETA - CUNDINAMARCA,4.99506122415,-74.4821330391,CUNDINAMARCA,VILLETA,25
25878,VIOTÁ - CUNDINAMARCA,4.4498221399925,-74.5057467196,CUNDINAMARCA,VIOTÁ,25
25885,YACOPÍ - CUNDINAMARCA,5.604882467475,-74.3605784162625,CUNDINAMARCA,YACOPÍ,25
25898,ZIPACÓN - CUNDINAMARCA,4.72751829455667,-74.4081546773,CUNDINAMARCA,ZIPACÓN,25
25899,ZIPAQUIRÁ - CUNDINAMARCA,5.05242639101588,-74.0218543256904,CUNDINAMARCA,ZIPAQUIRÁ,25
27001,QUIBDÓ - CHOCÓ,5.86607235292925,-76.4961873951764,CHOCÓ,QUIBDÓ,27
27006,ACANDÍ - CHOCÓ,8.46738246388382,-77.2688074519658,CHOCÓ,ACANDÍ,27
27025,ALTO BAUDÓ - CHOCÓ,5.68582059896874,-77.0840839391271,CHOCÓ,ALTO BAUDÓ,27
27050,ATRATO - CHOCÓ,5.55799738734839,-76.6176450352275,CHOCÓ,ATRATO,27
27073,BAGADÓ - CHOCÓ,5.48233218324054,-76.2455596505523,CHOCÓ,BAGADÓ,27
27075,BAHÍA SOLANO - CHOCÓ,6.25560564020965,-77.3834878866458,CHOCÓ,BAHÍA SOLANO,27
27077,BAJO BAUDÓ - CHOCÓ,4.87542407492765,-77.2937239661765,CHOCÓ,BAJO BAUDÓ,27
27099,BOJAYÁ - CHOCÓ,6.53494898035874,-76.989979128854,CHOCÓ,BOJAYÁ,27
27135,EL CANTÓN DEL SAN PABLO - CHOCÓ,5.34003084848333,-76.75526262705,CHOCÓ,EL CANTÓN DEL SAN PABLO,27
27150,CARMEN DEL DARIÉN - CHOCÓ,7.0363766145418,-76.9882633670366,CHOCÓ,CARMEN DEL DARIÉN,27
27160,CÉRTEGUI - CHOCÓ,5.37566831703968,-76.5581764791694,CHOCÓ,CÉRTEGUI,27
27205,CONDOTO - CHOCÓ,5.05978234843375,-76.5822094646,CHOCÓ,CONDOTO,27
27245,EL CARMEN DE ATRATO - CHOCÓ,5.83167397820909,-76.1786644311613,CHOCÓ,EL CARMEN DE ATRATO,27
27250,EL LITORAL DEL SAN JUAN - CHOCÓ,4.26475805463772,-77.0252137529547,CHOCÓ,EL LITORAL DEL SAN JUAN,27
27361,ISTMINA - CHOCÓ,4.65823886652728,-76.9535309935147,CHOCÓ,ISTMINA,27
27372,JURADÓ - CHOCÓ,6.97133822382,-77.6985774191667,CHOCÓ,JURADÓ,27
27413,LLORÓ - CHOCÓ,5.54629047428102,-76.4401352364229,CHOCÓ,LLORÓ,27
27425,MEDIO ATRATO - CHOCÓ,6.02312062178403,-76.7000691155145,CHOCÓ,MEDIO ATRATO,27
27430,MEDIO BAUDÓ - CHOCÓ,5.10251747638528,-76.9967372311886,CHOCÓ,MEDIO BAUDÓ,27
27450,MEDIO SAN JUAN - CHOCÓ,4.67064569431563,-76.8010890433812,CHOCÓ,MEDIO SAN JUAN,27
27491,NÓVITA - CHOCÓ,4.8735614551725,-76.6210196277843,CHOCÓ,NÓVITA,27
27495,NUQUÍ - CHOCÓ,5.67262426004037,-77.3417024585986,CHOCÓ,NUQUÍ,27
27580,RÍO IRÓ - CHOCÓ,5.17555456192505,-76.4815405081739,CHOCÓ,RÍO IRÓ,27
27600,RÍO QUITO - CHOCÓ,5.56363198194445,-76.7907877362667,CHOCÓ,RÍO QUITO,27
27615,RIOSUCIO - CHOCÓ,7.41864694307754,-77.213911799195,CHOCÓ,RIOSUCIO,27
27660,SAN JOSÉ DEL PALMAR - CHOCÓ,4.89060061604667,-76.2761746112,CHOCÓ,SAN JOSÉ DEL PALMAR,27
27745,SIPÍ - CHOCÓ,4.61442488151763,-76.5576559959928,CHOCÓ,SIPÍ,27
27787,TADÓ - CHOCÓ,5.29794603250725,-76.4484266007052,CHOCÓ,TADÓ,27
27800,UNGUÍA - CHOCÓ,8.13100722560747,-77.0807418255032,CHOCÓ,UNGUÍA,27
27810,UNIÓN PANAMERICANA - CHOCÓ,5.24323584319,-76.64308002276,CHOCÓ,UNIÓN PANAMERICANA,27
41001,NEIVA - HUILA,3.05120714759328,-75.3349208425475,HUILA,NEIVA,41
41006,ACEVEDO - HUILA,1.695149869258,-76.00663726984,HUILA,ACEVEDO,41
41013,AGRADO - HUILA,2.23823331767333,-75.7194913677667,HUILA,AGRADO,41
41016,AIPE - HUILA,3.26698191747992,-75.3546089509121,HUILA,AIPE,41
41020,ALGECIRAS - HUILA,2.520853529138,-75.30860291056,HUILA,ALGECIRAS,41
41026,ALTAMIRA - HUILA,2.07436851585333,-75.7749822607667,HUILA,ALTAMIRA,41
41078,BARAYA - HUILA,3.14906122912333,-75.0049942150667,HUILA,BARAYA,41
41132,CAMPOALEGRE - HUILA,2.65456024595797,-75.3297889644572,HUILA,CAMPOALEGRE,41
41206,COLOMBIA - HUILA,3.49776094793333,-74.7420561863,HUILA,COLOMBIA,41
41244,ELÍAS - HUILA,2.01730965851333,-75.9303326296333,HUILA,ELÍAS,41
41298,GARZÓN - HUILA,2.17704025721036,-75.5828121659383,HUILA,GARZÓN,41
41306,GIGANTE - HUILA,2.37328999765668,-75.5179249576226,HUILA,GIGANTE,41
41319,GUADALUPE - HUILA,2.00021012436383,-75.7004544072542,HUILA,GUADALUPE,41
41349,HOBO - HUILA,2.58346785394,-75.4526284391,HUILA,HOBO,41
41357,ÍQUIRA - HUILA,2.7151602756875,-75.70254643845,HUILA,ÍQUIRA,41
41359,ISNOS - HUILA,1.99686527328423,-76.2542292647816,HUILA,ISNOS,41
41378,LA ARGENTINA - HUILA,2.17784500675333,-76.0145281518667,HUILA,LA ARGENTINA,41
41396,LA PLATA - HUILA,2.3122753004575,-75.9861030418,HUILA,LA PLATA,41
41483,NÁTAGA - HUILA,2.5704162280775,-75.79244216465,HUILA,NÁTAGA,41
41503,OPORAPA - HUILA,2.0517782001885,-76.0213840572395,HUILA,OPORAPA,41
41518,PAICOL - HUILA,2.43552450737,-75.7339486629667,HUILA,PAICOL,41
41524,PALERMO - HUILA,2.85245493943,-75.4232305052,HUILA,PALERMO,41
41530,PALESTINA - HUILA,1.72319912364,-76.1328690995,HUILA,PALESTINA,41
41548,PITAL - HUILA,2.27974991112667,-75.8230965838333,HUILA,PITAL,41
41551,PITALITO - HUILA,1.84761322297633,-76.1057545953467,HUILA,PITALITO,41
41615,RIVERA - HUILA,2.791017339316,-75.23588195564,HUILA,RIVERA,41
41660,SALADOBLANCO - HUILA,2.01926674635333,-76.1214995358333,HUILA,SALADOBLANCO,41
41668,SAN AGUSTÍN - HUILA,1.91637182330147,-76.3642886303336,HUILA,SAN AGUSTÍN,41
41676,SANTA MARÍA - HUILA,2.92406104305,-75.61093659185,HUILA,SANTA MARÍA,41
41770,SUAZA - HUILA,1.90082565951224,-75.8185206017911,HUILA,SUAZA,41
41791,TARQUI - HUILA,2.0757123446625,-75.8962020345,HUILA,TARQUI,41
41797,TESALIA - HUILA,2.5469094386,-75.7130318271,HUILA,TESALIA,41
41799,TELLO - HUILA,3.01408742866833,-75.0612956904167,HUILA,TELLO,41
41801,TERUEL - HUILA,2.74125546099,-75.5677286846,HUILA,TERUEL,41
41807,TIMANÁ - HUILA,1.95887890212727,-75.9131087193091,HUILA,TIMANÁ,41
41872,VILLAVIEJA - HUILA,3.27611615182667,-75.1920295902167,HUILA,VILLAVIEJA,41
41885,YAGUARÁ - HUILA,2.66479668805,-75.5182961686,HUILA,YAGUARÁ,41
44001,RIOHACHA - LA GUAJIRA,11.2418329061494,-72.9749833350161,LA GUAJIRA,RIOHACHA,44
44035,ALBANIA - LA GUAJIRA,11.196072592332,-72.5430892622016,LA GUAJIRA,ALBANIA,44
44078,BARRANCAS - LA GUAJIRA,10.9635442320342,-72.7445551659083,LA GUAJIRA,BARRANCAS,44
44090,DIBULLA - LA GUAJIRA,11.1899187693555,-73.3758718392495,LA GUAJIRA,DIBULLA,44
44098,DISTRACCIÓN - LA GUAJIRA,10.9158799564027,-72.9291008600225,LA GUAJIRA,DISTRACCIÓN,44
44110,EL MOLINO - LA GUAJIRA,10.651063157,-72.9216582848,LA GUAJIRA,EL MOLINO,44
44279,FONSECA - LA GUAJIRA,10.8470108976677,-72.819090973001,LA GUAJIRA,FONSECA,44
44378,HATONUEVO - LA GUAJIRA,11.0898881787952,-72.7550451245738,LA GUAJIRA,HATONUEVO,44
44420,LA JAGUA DEL PILAR - LA GUAJIRA,10.48353342135,-73.05453637635,LA GUAJIRA,LA JAGUA DEL PILAR,44
44430,MAICAO - LA GUAJIRA,11.3448612300853,-72.2912769286873,LA GUAJIRA,MAICAO,44
44560,MANAURE - LA GUAJIRA,11.6094170277726,-72.5938170860594,LA GUAJIRA,MANAURE,44
44650,SAN JUAN DEL CESAR - LA GUAJIRA,10.7936210747524,-73.0440312641164,LA GUAJIRA,SAN JUAN DEL CESAR,44
44847,URIBIA - LA GUAJIRA,12.0267006962145,-71.7778877190847,LA GUAJIRA,URIBIA,44
44855,URUMITA - LA GUAJIRA,10.5599833381,-73.0133716879,LA GUAJIRA,URUMITA,44
44874,VILLANUEVA - LA GUAJIRA,10.610184984,-72.9775939067,LA GUAJIRA,VILLANUEVA,44
47001,SANTA MARTA - MAGDALENA,11.1983504940295,-73.9148177134209,MAGDALENA,SANTA MARTA,47
47030,ALGARROBO - MAGDALENA,10.2636042700255,-74.0671946219092,MAGDALENA,ALGARROBO,47
47053,ARACATACA - MAGDALENA,10.6012321038528,-74.0531261927226,MAGDALENA,ARACATACA,47
47058,ARIGUANÍ - MAGDALENA,9.88174564869667,-74.0856160282167,MAGDALENA,ARIGUANÍ,47
47161,CERRO DE SAN ANTONIO - MAGDALENA,10.2973799335884,-74.8350565818661,MAGDALENA,CERRO DE SAN ANTONIO,47
47170,CHIVOLO - MAGDALENA,10.0722888570819,-74.5273881709052,MAGDALENA,CHIVOLO,47
47189,CIÉNAGA - MAGDALENA,10.9293279060111,-74.1382425886667,MAGDALENA,CIÉNAGA,47
47205,CONCORDIA - MAGDALENA,10.24596375675,-74.808014660975,MAGDALENA,CONCORDIA,47
47245,EL BANCO - MAGDALENA,9.09855178507696,-74.0135852872565,MAGDALENA,EL BANCO,47
47258,EL PIÑÓN - MAGDALENA,10.3518619811,-74.6866503262,MAGDALENA,EL PIÑÓN,47
47268,EL RETÉN - MAGDALENA,10.6287191563184,-74.3018846776327,MAGDALENA,EL RETÉN,47
47288,FUNDACIÓN - MAGDALENA,10.4512024774542,-73.9895090252654,MAGDALENA,FUNDACIÓN,47
47318,GUAMAL - MAGDALENA,9.23690847740046,-74.17313277975,MAGDALENA,GUAMAL,47
47460,NUEVA GRANADA - MAGDALENA,9.7263436081725,-74.3626262266935,MAGDALENA,NUEVA GRANADA,47
47541,PEDRAZA - MAGDALENA,10.13183722774,-74.85960669392,MAGDALENA,PEDRAZA,47
47545,PIJIÑO DEL CARMEN - MAGDALENA,9.46767324349375,-74.2411420153,MAGDALENA,PIJIÑO DEL CARMEN,47
47551,PIVIJAY - MAGDALENA,10.4077191319038,-74.4525145671228,MAGDALENA,PIVIJAY,47
47555,PLATO - MAGDALENA,9.73304118882466,-74.6770782322144,MAGDALENA,PLATO,47
47570,PUEBLOVIEJO - MAGDALENA,10.89579195863,-74.31226194449,MAGDALENA,PUEBLOVIEJO,47
47605,REMOLINO - MAGDALENA,10.6065701263875,-74.643459787725,MAGDALENA,REMOLINO,47
47660,SABANAS DE SAN ÁNGEL - MAGDALENA,10.0875286102016,-74.288916901428,MAGDALENA,SABANAS DE SAN ÁNGEL,47
47675,SALAMINA - MAGDALENA,10.5078358479925,-74.7223537815898,MAGDALENA,SALAMINA,47
47692,SAN SEBASTIÁN DE BUENAVISTA - MAGDALENA,9.30136311709267,-74.24936203266,MAGDALENA,SAN SEBASTIÁN DE BUENAVISTA,47
47703,SAN ZENÓN - MAGDALENA,9.28672541352364,-74.3896431276364,MAGDALENA,SAN ZENÓN,47
47707,SANTA ANA - MAGDALENA,9.372094082636,-74.54779914548,MAGDALENA,SANTA ANA,47
47720,SANTA BÁRBARA DE PINTO - MAGDALENA,9.48159309206057,-74.6796588098214,MAGDALENA,SANTA BÁRBARA DE PINTO,47
47745,SITIONUEVO - MAGDALENA,10.87696109504,-74.68705109424,MAGDALENA,SITIONUEVO,47
47798,TENERIFE - MAGDALENA,9.924270619796,-74.79964800628,MAGDALENA,TENERIFE,47
47960,ZAPAYÁN - MAGDALENA,10.1566034281424,-74.7002298828001,MAGDALENA,ZAPAYÁN,47
47980,ZONA BANANERA - MAGDALENA,10.7966850865566,-74.1695531105607,MAGDALENA,ZONA BANANERA,47
50001,VILLAVICENCIO - META,4.09265996896593,-73.5324628597333,META,VILLAVICENCIO,50
50006,ACACÍAS - META,3.97764648825017,-73.6879196753339,META,ACACÍAS,50
50110,BARRANCA DE UPÍA - META,4.60096131745,-72.9970922453,META,BARRANCA DE UPÍA,50
50124,CABUYARO - META,4.343727464155,-72.87690689555,META,CABUYARO,50
50150,CASTILLA LA NUEVA - META,3.8098985838168,-73.566049722599,META,CASTILLA LA NUEVA,50
50223,CUBARRAL - META,3.78624010331,-73.84588113165,META,CUBARRAL,50
50226,CUMARAL - META,4.251283344828,-73.39483339886,META,CUMARAL,50
50245,EL CALVARIO - META,4.35118936890398,-73.7070160066338,META,EL CALVARIO,50
50251,EL CASTILLO - META,3.597793139255,-73.853118474375,META,EL CASTILLO,50
50270,EL DORADO - META,3.71441692457667,-73.8161670322333,META,EL DORADO,50
50287,FUENTEDEORO - META,3.38240262001748,-73.5664379282813,META,FUENTEDEORO,50
50313,GRANADA - META,3.48371067821044,-73.7615302752487,META,GRANADA,50
50318,GUAMAL - META,3.84745794428,-73.76032151935,META,GUAMAL,50
50325,MAPIRIPÁN - META,3.03545294137828,-71.989582642684,META,MAPIRIPÁN,50
50330,MESETAS - META,3.20699230455,-74.124899082325,META,MESETAS,50
50350,LA MACARENA - META,2.15614116667491,-74.1430877340898,META,LA MACARENA,50
50370,URIBE - META,3.09707980765333,-74.4076531938,META,URIBE,50
50400,LEJANÍAS - META,3.51836691621,-73.9919943006333,META,LEJANÍAS,50
50450,PUERTO CONCORDIA - META,2.71997706252195,-72.7296017634636,META,PUERTO CONCORDIA,50
50568,PUERTO GAITÁN - META,4.21749478594151,-71.6180272504955,META,PUERTO GAITÁN,50
50573,PUERTO LÓPEZ - META,4.08103680991455,-72.8974409022818,META,PUERTO LÓPEZ,50
50577,PUERTO LLERAS - META,3.17825733052529,-73.263031167795,META,PUERTO LLERAS,50
50590,PUERTO RICO - META,2.82909929607857,-73.1601004183572,META,PUERTO RICO,50
50606,RESTREPO - META,4.26098099897,-73.5640849963,META,RESTREPO,50
50680,SAN CARLOS DE GUAROA - META,3.843622767795,-73.229877997,META,SAN CARLOS DE GUAROA,50
50683,SAN JUAN DE ARAMA - META,3.35283910049296,-73.8565011746096,META,SAN JUAN DE ARAMA,50
50686,SAN JUANITO - META,4.44437837712,-73.666808801,META,SAN JUANITO,50
50689,SAN MARTÍN - META,3.63513106175502,-73.2244033788051,META,SAN MARTÍN,50
50711,VISTAHERMOSA - META,2.96679467576137,-73.7420419694374,META,VISTAHERMOSA,50
52001,PASTO - NARIÑO,1.16029685475844,-77.2640259483267,NARIÑO,PASTO,52
52019,ALBÁN - NARIÑO,1.471298229215,-77.071622191325,NARIÑO,ALBÁN,52
52022,ALDANA - NARIÑO,0.9031964087812,-77.6971427407107,NARIÑO,ALDANA,52
52036,ANCUYÁ - NARIÑO,1.2538522060877,-77.5228846500412,NARIÑO,ANCUYÁ,52
52051,ARBOLEDA - NARIÑO,1.48398950756432,-77.1309333677676,NARIÑO,ARBOLEDA,52
52079,BARBACOAS - NARIÑO,1.59826243640211,-78.0836088471263,NARIÑO,BARBACOAS,52
52083,BELÉN - NARIÑO,1.610243108765,-77.0413712936,NARIÑO,BELÉN,52
52110,BUESACO - NARIÑO,1.3307504063825,-77.1271094024833,NARIÑO,BUESACO,52
52203,COLÓN - NARIÑO,1.6494277053025,-77.042252991,NARIÑO,COLÓN,52
52207,CONSACÁ - NARIÑO,1.21400202613782,-77.4611449358195,NARIÑO,CONSACÁ,52
52210,CONTADERO - NARIÑO,0.924078926233,-77.5343927679333,NARIÑO,CONTADERO,52
52215,CÓRDOBA - NARIÑO,0.80507110979725,-77.411821244975,NARIÑO,CÓRDOBA,52
52224,CUASPÚD - NARIÑO,0.863204501581,-77.7262251673,NARIÑO,CUASPÚD,52
52227,CUMBAL - NARIÑO,0.896363844837214,-77.8973534352485,NARIÑO,CUMBAL,52
52233,CUMBITARA - NARIÑO,1.71551442596281,-77.5935792875457,NARIÑO,CUMBITARA,52
52240,CHACHAGÜÍ - NARIÑO,1.38446227488236,-77.2704135142459,NARIÑO,CHACHAGÜÍ,52
52250,EL CHARCO - NARIÑO,2.41645666657,-78.109096568925,NARIÑO,EL CHARCO,52
52254,EL PEÑOL - NARIÑO,1.48293665059708,-77.4343264326149,NARIÑO,EL PEÑOL,52
52256,EL ROSARIO - NARIÑO,1.85778072528937,-77.4493850105422,NARIÑO,EL ROSARIO,52
52258,EL TABLÓN DE GÓMEZ - NARIÑO,1.42289271252333,-77.0311075731667,NARIÑO,EL TABLÓN DE GÓMEZ,52
52260,EL TAMBO - NARIÑO,1.40798382917,-77.390751149,NARIÑO,EL TAMBO,52
52287,FUNES - NARIÑO,0.9771294244645,-77.41979583465,NARIÑO,FUNES,52
52317,GUACHUCAL - NARIÑO,0.973953646397325,-77.7415754608843,NARIÑO,GUACHUCAL,52
52320,GUAITARILLA - NARIÑO,1.13655489183,-77.546649995,NARIÑO,GUAITARILLA,52
52323,GUALMATÁN - NARIÑO,0.9240225743335,-77.5746037361,NARIÑO,GUALMATÁN,52
52352,ILES - NARIÑO,0.9779286642944,-77.5193968210142,NARIÑO,ILES,52
52354,IMUÉS - NARIÑO,1.047849760708,-77.4899368207,NARIÑO,IMUÉS,52
52356,IPIALES - NARIÑO,0.707656107555958,-77.4961471509583,NARIÑO,IPIALES,52
52378,LA CRUZ - NARIÑO,1.59299323793,-76.9390925377,NARIÑO,LA CRUZ,52
52381,LA FLORIDA - NARIÑO,1.33767105534035,-77.4015244029047,NARIÑO,LA FLORIDA,52
52385,LA LLANADA - NARIÑO,1.51947856554437,-77.6415560631865,NARIÑO,LA LLANADA,52
52390,LA TOLA - NARIÑO,2.48973166338748,-78.2204719628998,NARIÑO,LA TOLA,52
52399,LA UNIÓN - NARIÑO,1.61975012762831,-77.1364778859224,NARIÑO,LA UNIÓN,52
52405,LEIVA - NARIÑO,1.940193224353,-77.32133650675,NARIÑO,LEIVA,52
52411,LINARES - NARIÑO,1.38867288766377,-77.5250790090108,NARIÑO,LINARES,52
52418,LOS ANDES - NARIÑO,1.49420521996,-77.5210875385,NARIÑO,LOS ANDES,52
52427,MAGÜÍ - NARIÑO,1.84607730967286,-78.1740457514,NARIÑO,MAGÜÍ,52
52435,MALLAMA - NARIÑO,1.12796679647167,-77.8751184048,NARIÑO,MALLAMA,52
52473,MOSQUERA - NARIÑO,2.44151949806143,-78.4376137352643,NARIÑO,MOSQUERA,52
52480,NARIÑO - NARIÑO,1.28964559756,-77.359664699,NARIÑO,NARIÑO,52
52490,OLAYA HERRERA - NARIÑO,2.30604122445708,-78.2943429476491,NARIÑO,OLAYA HERRERA,52
52506,OSPINA - NARIÑO,1.0394754798,-77.5570283884,NARIÑO,OSPINA,52
52520,FRANCISCO PIZARRO - NARIÑO,2.087742625412,-78.61096694236,NARIÑO,FRANCISCO PIZARRO,52
52540,POLICARPA - NARIÑO,1.72686978730012,-77.485807334731,NARIÑO,POLICARPA,52
52560,POTOSÍ - NARIÑO,0.7502834059036,-77.46515713062,NARIÑO,POTOSÍ,52
52565,PROVIDENCIA - NARIÑO,1.236115581765,-77.59759147855,NARIÑO,PROVIDENCIA,52
52573,PUERRES - NARIÑO,0.840534822014667,-77.3569108473806,NARIÑO,PUERRES,52
52585,PUPIALES - NARIÑO,0.8880076714825,-77.62426636195,NARIÑO,PUPIALES,52
52612,RICAURTE - NARIÑO,1.19326838505679,-78.0456101459821,NARIÑO,RICAURTE,52
52621,ROBERTO PAYÁN - NARIÑO,1.806173910728,-78.29937724856,NARIÑO,ROBERTO PAYÁN,52
52678,SAMANIEGO - NARIÑO,1.42125545789108,-77.7077154606664,NARIÑO,SAMANIEGO,52
52683,SANDONÁ - NARIÑO,1.28823381243289,-77.4555668041569,NARIÑO,SANDONÁ,52
52685,SAN BERNARDO - NARIÑO,1.52466546898747,-77.0295012069439,NARIÑO,SAN BERNARDO,52
52687,SAN LORENZO - NARIÑO,1.5466995373346,-77.212276973608,NARIÑO,SAN LORENZO,52
52693,SAN PABLO - NARIÑO,1.6703960093205,-76.9821081203314,NARIÑO,SAN PABLO,52
52694,SAN PEDRO DE CARTAGO - NARIÑO,1.544458124035,-77.1110676365,NARIÑO,SAN PEDRO DE CARTAGO,52
52696,SANTA BÁRBARA - NARIÑO,2.36665732047027,-77.9147810895989,NARIÑO,SANTA BÁRBARA,52
52699,SANTACRUZ - NARIÑO,1.24833091013333,-77.6915024021,NARIÑO,SANTACRUZ,52
52720,SAPUYES - NARIÑO,1.040333569921,-77.6645801538926,NARIÑO,SAPUYES,52
52786,TAMINANGO - NARIÑO,1.58990512664148,-77.328580563817,NARIÑO,TAMINANGO,52
52788,TANGUA - NARIÑO,1.0850656395,-77.35538269145,NARIÑO,TANGUA,52
52835,SAN ANDRÉS DE TUMACO - NARIÑO,1.66379638691111,-78.6719618683693,NARIÑO,SAN ANDRÉS DE TUMACO,52
52838,TÚQUERRES - NARIÑO,1.11610158526429,-77.6233577588143,NARIÑO,TÚQUERRES,52
52885,YACUANQUER - NARIÑO,1.12190313058333,-77.4171318731667,NARIÑO,YACUANQUER,52
54001,CÚCUTA - NORTE DE SANTANDER,8.13906878097882,-72.4629898300059,NORTE DE SANTANDER,CÚCUTA,54
54003,ÁBREGO - NORTE DE SANTANDER,8.05021250035,-73.1898038328,NORTE DE SANTANDER,ÁBREGO,54
54051,ARBOLEDAS - NORTE DE SANTANDER,7.61809215878667,-72.8582349287667,NORTE DE SANTANDER,ARBOLEDAS,54
54099,BOCHALEMA - NORTE DE SANTANDER,7.63636640601725,-72.6428841881518,NORTE DE SANTANDER,BOCHALEMA,54
54109,BUCARASICA - NORTE DE SANTANDER,8.08508007354,-72.9186067393,NORTE DE SANTANDER,BUCARASICA,54
54125,CÁCOTA - NORTE DE SANTANDER,7.26865159993,-72.6424728775,NORTE DE SANTANDER,CÁCOTA,54
54128,CÁCHIRA - NORTE DE SANTANDER,7.702137984718,-73.08283194082,NORTE DE SANTANDER,CÁCHIRA,54
54172,CHINÁCOTA - NORTE DE SANTANDER,7.58646820058815,-72.5868533521465,NORTE DE SANTANDER,CHINÁCOTA,54
54174,CHITAGÁ - NORTE DE SANTANDER,7.062684478944,-72.58459287976,NORTE DE SANTANDER,CHITAGÁ,54
54206,CONVENCIÓN - NORTE DE SANTANDER,8.72930671048091,-73.2589256122182,NORTE DE SANTANDER,CONVENCIÓN,54
54223,CUCUTILLA - NORTE DE SANTANDER,7.55090225952667,-72.7709678501333,NORTE DE SANTANDER,CUCUTILLA,54
54239,DURANIA - NORTE DE SANTANDER,7.74043497519896,-72.6689052076515,NORTE DE SANTANDER,DURANIA,54
54245,EL CARMEN - NORTE DE SANTANDER,8.6513081798,-73.4201676499333,NORTE DE SANTANDER,EL CARMEN,54
54250,EL TARRA - NORTE DE SANTANDER,8.66491485653588,-73.0397975364922,NORTE DE SANTANDER,EL TARRA,54
54261,EL ZULIA - NORTE DE SANTANDER,8.06506582633333,-72.6291246851768,NORTE DE SANTANDER,EL ZULIA,54
54313,GRAMALOTE - NORTE DE SANTANDER,7.9002011002422,-72.8038071863021,NORTE DE SANTANDER,GRAMALOTE,54
54344,HACARÍ - NORTE DE SANTANDER,8.353874057604,-73.09185279776,NORTE DE SANTANDER,HACARÍ,54
54347,HERRÁN - NORTE DE SANTANDER,7.50618537707,-72.4831712064,NORTE DE SANTANDER,HERRÁN,54
54377,LABATECA - NORTE DE SANTANDER,7.29939120651,-72.4949268328,NORTE DE SANTANDER,LABATECA,54
54385,LA ESPERANZA - NORTE DE SANTANDER,7.68520843806817,-73.3439420463505,NORTE DE SANTANDER,LA ESPERANZA,54
54398,LA PLAYA - NORTE DE SANTANDER,8.25027633200333,-73.2069932966,NORTE DE SANTANDER,LA PLAYA,54
54405,LOS PATIOS - NORTE DE SANTANDER,7.7578813892473,-72.5273186563553,NORTE DE SANTANDER,LOS PATIOS,54
54418,LOURDES - NORTE DE SANTANDER,7.94523586891,-72.8320469133,NORTE DE SANTANDER,LOURDES,54
54480,MUTISCUA - NORTE DE SANTANDER,7.31137800552783,-72.7612379037722,NORTE DE SANTANDER,MUTISCUA,54
54498,OCAÑA - NORTE DE SANTANDER,8.26857060545327,-73.359909925357,NORTE DE SANTANDER,OCAÑA,54
54518,PAMPLONA - NORTE DE SANTANDER,7.37519414845,-72.648211059,NORTE DE SANTANDER,PAMPLONA,54
54520,PAMPLONITA - NORTE DE SANTANDER,7.46712738322157,-72.6362425087927,NORTE DE SANTANDER,PAMPLONITA,54
54553,PUERTO SANTANDER - NORTE DE SANTANDER,8.345153665768,-72.4102702883589,NORTE DE SANTANDER,PUERTO SANTANDER,54
54599,RAGONVALIA - NORTE DE SANTANDER,7.58640863450165,-72.4917927501602,NORTE DE SANTANDER,RAGONVALIA,54
54660,SALAZAR - NORTE DE SANTANDER,7.80863218794664,-72.8424000870908,NORTE DE SANTANDER,SALAZAR,54
54670,SAN CALIXTO - NORTE DE SANTANDER,8.46386344987182,-73.1494309957604,NORTE DE SANTANDER,SAN CALIXTO,54
54673,SAN CAYETANO - NORTE DE SANTANDER,7.86957861765718,-72.6206190572538,NORTE DE SANTANDER,SAN CAYETANO,54
54680,SANTIAGO - NORTE DE SANTANDER,7.86444785684,-72.717069145,NORTE DE SANTANDER,SANTIAGO,54
54720,SARDINATA - NORTE DE SANTANDER,8.17402994540143,-72.8060678177286,NORTE DE SANTANDER,SARDINATA,54
54743,SILOS - NORTE DE SANTANDER,7.19015547714186,-72.7480081114244,NORTE DE SANTANDER,SILOS,54
54800,TEORAMA - NORTE DE SANTANDER,8.579370294096,-73.23084213946,NORTE DE SANTANDER,TEORAMA,54
54810,TIBÚ - NORTE DE SANTANDER,8.69823465611333,-72.7866602487507,NORTE DE SANTANDER,TIBÚ,54
54820,TOLEDO - NORTE DE SANTANDER,7.19805374428,-72.363606844825,NORTE DE SANTANDER,TOLEDO,54
54871,VILLA CARO - NORTE DE SANTANDER,7.91436950403,-72.9729238448,NORTE DE SANTANDER,VILLA CARO,54
54874,VILLA DEL ROSARIO - NORTE DE SANTANDER,7.77415409603333,-72.4826950944333,NORTE DE SANTANDER,VILLA DEL ROSARIO,54
63001,ARMENIA - QUINDÍO,4.49991285150124,-75.7205182906441,QUINDÍO,ARMENIA,63
63111,BUENAVISTA - QUINDÍO,4.36199258644,-75.7410603344,QUINDÍO,BUENAVISTA,63
63130,CALARCÁ - QUINDÍO,4.47667084348317,-75.662543829022,QUINDÍO,CALARCÁ,63
63190,CIRCASIA - QUINDÍO,4.60534359260563,-75.6653925192969,QUINDÍO,CIRCASIA,63
63212,CÓRDOBA - QUINDÍO,4.39327278702,-75.6876461954,QUINDÍO,CÓRDOBA,63
63272,FILANDIA - QUINDÍO,4.690834891065,-75.68150767255,QUINDÍO,FILANDIA,63
63302,GÉNOVA - QUINDÍO,4.2077456618,-75.7895561047,QUINDÍO,GÉNOVA,63
63401,LA TEBAIDA - QUINDÍO,4.44051366831113,-75.8126406301159,QUINDÍO,LA TEBAIDA,63
63470,MONTENEGRO - QUINDÍO,4.5258267283464,-75.8111149447488,QUINDÍO,MONTENEGRO,63
63548,PIJAO - QUINDÍO,4.32473488057,-75.7474059688333,QUINDÍO,PIJAO,63
63594,QUIMBAYA - QUINDÍO,4.610668936359,-75.7859144476215,QUINDÍO,QUIMBAYA,63
63690,SALENTO - QUINDÍO,4.62984847542416,-75.5610055478308,QUINDÍO,SALENTO,63
66001,PEREIRA - RISARALDA,4.78306099408562,-75.7246899815447,RISARALDA,PEREIRA,66
66045,APÍA - RISARALDA,5.12200417871,-75.9489364231333,RISARALDA,APÍA,66
66075,BALBOA - RISARALDA,4.9289266067065,-75.9587035998573,RISARALDA,BALBOA,66
66088,BELÉN DE UMBRÍA - RISARALDA,5.19793942958,-75.8596452021,RISARALDA,BELÉN DE UMBRÍA,66
66170,DOSQUEBRADAS - RISARALDA,4.83631544112212,-75.6677075248832,RISARALDA,DOSQUEBRADAS,66
66318,GUÁTICA - RISARALDA,5.3066992787775,-75.80817379195,RISARALDA,GUÁTICA,66
66383,LA CELIA - RISARALDA,4.999011223575,-75.9915969864,RISARALDA,LA CELIA,66
66400,LA VIRGINIA - RISARALDA,4.908675910225,-75.85305467805,RISARALDA,LA VIRGINIA,66
66440,MARSELLA - RISARALDA,4.94471028275994,-75.750220193244,RISARALDA,MARSELLA,66
66456,MISTRATÓ - RISARALDA,5.40661636712196,-75.9551014292568,RISARALDA,MISTRATÓ,66
66572,PUEBLO RICO - RISARALDA,5.29333141143333,-76.0585214598333,RISARALDA,PUEBLO RICO,66
66594,QUINCHÍA - RISARALDA,5.32367799171111,-75.7071734272444,RISARALDA,QUINCHÍA,66
66682,SANTA ROSA DE CABAL - RISARALDA,4.8831064124262,-75.6124207306095,RISARALDA,SANTA ROSA DE CABAL,66
66687,SANTUARIO - RISARALDA,5.0427752583818,-75.9612087269675,RISARALDA,SANTUARIO,66
68001,BUCARAMANGA - SANTANDER,7.15032574848717,-73.1150310154381,SANTANDER,BUCARAMANGA,68
68013,AGUADA - SANTANDER,6.16212560851,-73.5214455038,SANTANDER,AGUADA,68
68020,ALBANIA - SANTANDER,5.7958219183625,-73.8211623177,SANTANDER,ALBANIA,68
68051,ARATOCA - SANTANDER,6.70788985774333,-73.0136543958,SANTANDER,ARATOCA,68
68077,BARBOSA - SANTANDER,5.95254784686994,-73.6181730113962,SANTANDER,BARBOSA,68
68079,BARICHARA - SANTANDER,6.65691621108,-73.2312903155,SANTANDER,BARICHARA,68
68081,BARRANCABERMEJA - SANTANDER,7.05820867060933,-73.7813027440361,SANTANDER,BARRANCABERMEJA,68
68092,BETULIA - SANTANDER,7.03556452552633,-73.3837431187974,SANTANDER,BETULIA,68
68101,BOLÍVAR - SANTANDER,6.14883076160889,-73.8875227969,SANTANDER,BOLÍVAR,68
68121,CABRERA - SANTANDER,6.59172637074,-73.2465433026,SANTANDER,CABRERA,68
68132,CALIFORNIA - SANTANDER,7.33965838166,-72.94758112025,SANTANDER,CALIFORNIA,68
68147,CAPITANEJO - SANTANDER,6.53056931982,-72.6956351621,SANTANDER,CAPITANEJO,68
68152,CARCASÍ - SANTANDER,6.63916982581,-72.60772447295,SANTANDER,CARCASÍ,68
68160,CEPITÁ - SANTANDER,6.75340228765,-72.9745168494,SANTANDER,CEPITÁ,68
68162,CERRITO - SANTANDER,6.83118932358,-72.69665500085,SANTANDER,CERRITO,68
68167,CHARALÁ - SANTANDER,6.26127498455163,-73.1290908213193,SANTANDER,CHARALÁ,68
68169,CHARTA - SANTANDER,7.28125240984,-72.9684479094,SANTANDER,CHARTA,68
68176,CHIMA - SANTANDER,6.34191503599,-73.3728971006,SANTANDER,CHIMA,68
68179,CHIPATÁ - SANTANDER,6.06526881899915,-73.634837268661,SANTANDER,CHIPATÁ,68
68190,CIMITARRA - SANTANDER,6.38690957205909,-74.1992466713336,SANTANDER,CIMITARRA,68
68207,CONCEPCIÓN - SANTANDER,6.76894002245,-72.6942957138,SANTANDER,CONCEPCIÓN,68
68209,CONFINES - SANTANDER,6.3573553496,-73.2410236941,SANTANDER,CONFINES,68
68211,CONTRATACIÓN - SANTANDER,6.297619852375,-73.5233135188,SANTANDER,CONTRATACIÓN,68
68217,COROMORO - SANTANDER,6.267168396005,-73.059190319,SANTANDER,COROMORO,68
68229,CURITÍ - SANTANDER,6.60459799378,-73.0689588035,SANTANDER,CURITÍ,68
68235,EL CARMEN DE CHUCURÍ - SANTANDER,6.66945224004253,-73.5548519858094,SANTANDER,EL CARMEN DE CHUCURÍ,68
68245,EL GUACAMAYO - SANTANDER,6.26684957288,-73.5486035614,SANTANDER,EL GUACAMAYO,68
68250,EL PEÑÓN - SANTANDER,6.10494210217,-73.9427616251,SANTANDER,EL PEÑÓN,68
68255,EL PLAYÓN - SANTANDER,7.530316535028,-73.19313404736,SANTANDER,EL PLAYÓN,68
68264,ENCINO - SANTANDER,6.13821535533,-73.0992984673,SANTANDER,ENCINO,68
68266,ENCISO - SANTANDER,6.657831754425,-72.70333407455,SANTANDER,ENCISO,68
68271,FLORIÁN - SANTANDER,5.80141583663333,-73.9623062869667,SANTANDER,FLORIÁN,68
68276,FLORIDABLANCA - SANTANDER,7.0752018077444,-73.0721981989079,SANTANDER,FLORIDABLANCA,68
68296,GALÁN - SANTANDER,6.63889865327,-73.287914592,SANTANDER,GALÁN,68
68298,GÁMBITA - SANTANDER,5.90687634869,-73.36360804075,SANTANDER,GÁMBITA,68
68307,GIRÓN - SANTANDER,7.0626598602167,-73.229289484066,SANTANDER,GIRÓN,68
68318,GUACA - SANTANDER,6.928315227565,-72.83604198855,SANTANDER,GUACA,68
68320,GUADALUPE - SANTANDER,6.24007457781,-73.4139488997,SANTANDER,GUADALUPE,68
68322,GUAPOTÁ - SANTANDER,6.3083874905,-73.3209067076,SANTANDER,GUAPOTÁ,68
68324,GUAVATÁ - SANTANDER,5.95507658691,-73.6999151414,SANTANDER,GUAVATÁ,68
68327,GÜEPSA - SANTANDER,6.02638642861,-73.5713144981,SANTANDER,GÜEPSA,68
68344,HATO - SANTANDER,6.54294063601,-73.3081130581,SANTANDER,HATO,68
68368,JESÚS MARÍA - SANTANDER,5.87653148988,-73.7827825923,SANTANDER,JESÚS MARÍA,68
68370,JORDÁN - SANTANDER,6.73245858931,-73.0967324977,SANTANDER,JORDÁN,68
68377,LA BELLEZA - SANTANDER,5.8996357605013,-74.0320275228313,SANTANDER,LA BELLEZA,68
68385,LANDÁZURI - SANTANDER,6.30674349345,-73.8291249154,SANTANDER,LANDÁZURI,68
68397,LA PAZ - SANTANDER,6.186454388705,-73.6140138089309,SANTANDER,LA PAZ,68
68406,LEBRIJA - SANTANDER,7.22620674447743,-73.2855229967061,SANTANDER,LEBRIJA,68
68418,LOS SANTOS - SANTANDER,6.7840227674714,-73.1049253684907,SANTANDER,LOS SANTOS,68
68425,MACARAVITA - SANTANDER,6.51286875688571,-72.5820678557571,SANTANDER,MACARAVITA,68
68432,MÁLAGA - SANTANDER,6.71112808792,-72.7352058136,SANTANDER,MÁLAGA,68
68444,MATANZA - SANTANDER,7.34692819932,-73.0559870941,SANTANDER,MATANZA,68
68464,MOGOTES - SANTANDER,6.54845972924333,-72.9473957875,SANTANDER,MOGOTES,68
68468,MOLAGAVITA - SANTANDER,6.656596893245,-72.80577785525,SANTANDER,MOLAGAVITA,68
68498,OCAMONTE - SANTANDER,6.34033572084,-73.1220464417,SANTANDER,OCAMONTE,68
68500,OIBA - SANTANDER,6.24602028793,-73.28986512945,SANTANDER,OIBA,68
68502,ONZAGA - SANTANDER,6.3707280354,-72.801759735575,SANTANDER,ONZAGA,68
68522,PALMAR - SANTANDER,6.53793539808,-73.2911184755,SANTANDER,PALMAR,68
68524,PALMAS DEL SOCORRO - SANTANDER,6.40592838695,-73.2879527096,SANTANDER,PALMAS DEL SOCORRO,68
68533,PÁRAMO - SANTANDER,6.41653497873,-73.1702915815,SANTANDER,PÁRAMO,68
68547,PIEDECUESTA - SANTANDER,6.96205816447213,-73.0120903091013,SANTANDER,PIEDECUESTA,68
68549,PINCHOTE - SANTANDER,6.523464130881,-73.1740828649472,SANTANDER,PINCHOTE,68
68572,PUENTE NACIONAL - SANTANDER,5.840228999184,-73.67859876014,SANTANDER,PUENTE NACIONAL,68
68573,PUERTO PARRA - SANTANDER,6.678334205946,-73.9778396273615,SANTANDER,PUERTO PARRA,68
68575,PUERTO WILCHES - SANTANDER,7.5246972954978,-73.8188143907008,SANTANDER,PUERTO WILCHES,68
68615,RIONEGRO - SANTANDER,7.488805205793,-73.41168401502,SANTANDER,RIONEGRO,68
68655,SABANA DE TORRES - SANTANDER,7.40148085557363,-73.5610718407118,SANTANDER,SABANA DE TORRES,68
68669,SAN ANDRÉS - SANTANDER,6.75943319524,-72.8362993709,SANTANDER,SAN ANDRÉS,68
68673,SAN BENITO - SANTANDER,6.1106517483025,-73.51519335025,SANTANDER,SAN BENITO,68
68679,SAN GIL - SANTANDER,6.54927262478,-73.1285702201,SANTANDER,SAN GIL,68
68682,SAN JOAQUÍN - SANTANDER,6.48927291118,-72.8495093328,SANTANDER,SAN JOAQUÍN,68
68684,SAN JOSÉ DE MIRANDA - SANTANDER,6.6440313393255,-72.7365731681172,SANTANDER,SAN JOSÉ DE MIRANDA,68
68686,SAN MIGUEL - SANTANDER,6.57664344984,-72.646501116,SANTANDER,SAN MIGUEL,68
68689,SAN VICENTE DE CHUCURÍ - SANTANDER,6.89081612478235,-73.5082332707341,SANTANDER,SAN VICENTE DE CHUCURÍ,68
68705,SANTA BÁRBARA - SANTANDER,6.99054129659,-72.9066829394,SANTANDER,SANTA BÁRBARA,68
68720,SANTA HELENA DEL OPÓN - SANTANDER,6.372301826256,-73.60275345022,SANTANDER,SANTA HELENA DEL OPÓN,68
68745,SIMACOTA - SANTANDER,6.54546344346664,-73.5268730417203,SANTANDER,SIMACOTA,68
68755,SOCORRO - SANTANDER,6.4628893976472,-73.252745693297,SANTANDER,SOCORRO,68
68770,SUAITA - SANTANDER,6.119597313746,-73.40124746926,SANTANDER,SUAITA,68
68773,SUCRE - SANTANDER,5.94454911959813,-73.9083347703687,SANTANDER,SUCRE,68
68780,SURATÁ - SANTANDER,7.45014558814,-73.0068272720333,SANTANDER,SURATÁ,68
68820,TONA - SANTANDER,7.17459925002503,-72.9527361562616,SANTANDER,TONA,68
68855,VALLE DE SAN JOSÉ - SANTANDER,6.44800947449,-73.1435767141,SANTANDER,VALLE DE SAN JOSÉ,68
68861,VÉLEZ - SANTANDER,6.1445112680503,-73.6999916451097,SANTANDER,VÉLEZ,68
68867,VETAS - SANTANDER,7.30938136063,-72.8707413209,SANTANDER,VETAS,68
68872,VILLANUEVA - SANTANDER,6.66929215486,-73.1735022672,SANTANDER,VILLANUEVA,68
68895,ZAPATOCA - SANTANDER,6.76034536294,-73.27559837005,SANTANDER,ZAPATOCA,68
70001,SINCELEJO - SUCRE,9.29333202512395,-75.4384542445154,SUCRE,SINCELEJO,70
70110,BUENAVISTA - SUCRE,9.3398184071956,-74.9561253685881,SUCRE,BUENAVISTA,70
70124,CAIMITO - SUCRE,8.7909592514633,-75.134653251494,SUCRE,CAIMITO,70
70204,COLOSÓ - SUCRE,9.52459707246818,-75.3665653210963,SUCRE,COLOSÓ,70
70215,COROZAL - SUCRE,9.24039730346793,-75.2836215088228,SUCRE,COROZAL,70
70221,COVEÑAS - SUCRE,9.39069682055853,-75.6650835956191,SUCRE,COVEÑAS,70
70230,CHALÁN - SUCRE,9.56627585952887,-75.3182311617451,SUCRE,CHALÁN,70
70233,EL ROBLE - SUCRE,9.07853211811072,-75.1168987442357,SUCRE,EL ROBLE,70
70235,GALERAS - SUCRE,9.11742366725644,-74.9556264641782,SUCRE,GALERAS,70
70265,GUARANDA - SUCRE,8.38145294918552,-74.675569224711,SUCRE,GUARANDA,70
70400,LA UNIÓN - SUCRE,8.80836015710844,-75.2900313029021,SUCRE,LA UNIÓN,70
70418,LOS PALMITOS - SUCRE,9.41115312503716,-75.214845528374,SUCRE,LOS PALMITOS,70
70429,MAJAGUAL - SUCRE,8.56324969911831,-74.7075705103747,SUCRE,MAJAGUAL,70
70473,MORROA - SUCRE,9.37910263525008,-75.322328724089,SUCRE,MORROA,70
70508,OVEJAS - SUCRE,9.54941951037209,-75.1903112925344,SUCRE,OVEJAS,70
70523,PALMITO - SUCRE,9.33460231200789,-75.5608897853941,SUCRE,PALMITO,70
70670,SAMPUÉS - SUCRE,9.16960233763131,-75.3519429025756,SUCRE,SAMPUÉS,70
70678,SAN BENITO ABAD - SUCRE,8.89548452136776,-74.9777038870447,SUCRE,SAN BENITO ABAD,70
70702,SAN JUAN DE BETULIA - SUCRE,9.27881753674818,-75.2231409483657,SUCRE,SAN JUAN DE BETULIA,70
70708,SAN MARCOS - SUCRE,8.62147227335884,-75.1982332097114,SUCRE,SAN MARCOS,70
70713,SAN ONOFRE - SUCRE,9.82345084840208,-75.5265582181253,SUCRE,SAN ONOFRE,70
70717,SAN PEDRO - SUCRE,9.38608527787264,-75.0410316168989,SUCRE,SAN PEDRO,70
70742,SAN LUIS DE SINCÉ - SUCRE,9.24308050276592,-75.090031949921,SUCRE,SAN LUIS DE SINCÉ,70
70771,SUCRE - SUCRE,8.85829356002625,-74.7185371270313,SUCRE,SUCRE,70
70820,SANTIAGO DE TOLÚ - SUCRE,9.53345537715667,-75.5378773647667,SUCRE,SANTIAGO DE TOLÚ,70
70823,TOLÚ VIEJO - SUCRE,9.45779245140245,-75.4310379310945,SUCRE,TOLÚ VIEJO,70
73001,IBAGUÉ - TOLIMA,4.43469460195081,-75.2163810856542,TOLIMA,IBAGUÉ,73
73024,ALPUJARRA - TOLIMA,3.42878794863,-74.9038610283,TOLIMA,ALPUJARRA,73
73026,ALVARADO - TOLIMA,4.58630363185667,-74.9849732677667,TOLIMA,ALVARADO,73
73030,AMBALEMA - TOLIMA,4.818717104522,-74.79312498562,TOLIMA,AMBALEMA,73
73043,ANZOÁTEGUI - TOLIMA,4.624402574915,-75.099763426225,TOLIMA,ANZOÁTEGUI,73
73055,ARMERO - TOLIMA,5.06018730095333,-74.8801411584,TOLIMA,ARMERO,73
73067,ATACO - TOLIMA,3.38591340190655,-75.5606875243413,TOLIMA,ATACO,73
73124,CAJAMARCA - TOLIMA,4.4140270405606,-75.4586772915881,TOLIMA,CAJAMARCA,73
73148,CARMEN DE APICALÁ - TOLIMA,4.14664309207,-74.7233312429,TOLIMA,CARMEN DE APICALÁ,73
73152,CASABIANCA - TOLIMA,5.09173745115,-75.08803638715,TOLIMA,CASABIANCA,73
73168,CHAPARRAL - TOLIMA,3.688959194606,-75.57449093536,TOLIMA,CHAPARRAL,73
73200,COELLO - TOLIMA,4.32164328023375,-74.916646943,TOLIMA,COELLO,73
73217,COYAIMA - TOLIMA,3.75370631592363,-75.1215825799176,TOLIMA,COYAIMA,73
73226,CUNDAY - TOLIMA,3.98479123102571,-74.6750667176571,TOLIMA,CUNDAY,73
73236,DOLORES - TOLIMA,3.62034470047167,-74.8120838979,TOLIMA,DOLORES,73
73268,ESPINAL - TOLIMA,4.18324541106,-74.9476486481333,TOLIMA,ESPINAL,73
73270,FALAN - TOLIMA,5.09109642305,-74.9803075533333,TOLIMA,FALAN,73
73275,FLANDES - TOLIMA,4.2508698185304,-74.8318049744236,TOLIMA,FLANDES,73
73283,FRESNO - TOLIMA,5.19473176474695,-75.0621532455018,TOLIMA,FRESNO,73
73319,GUAMO - TOLIMA,4.06586359108,-74.9641777789333,TOLIMA,GUAMO,73
73347,HERVEO - TOLIMA,5.0992335967075,-75.2111847982,TOLIMA,HERVEO,73
73349,HONDA - TOLIMA,5.243161137815,-74.7404545775,TOLIMA,HONDA,73
73352,ICONONZO - TOLIMA,4.12586456791815,-74.5425679962746,TOLIMA,ICONONZO,73
73408,LÉRIDA - TOLIMA,4.840061469532,-74.92725340448,TOLIMA,LÉRIDA,73
73411,LÍBANO - TOLIMA,4.87277686625,-75.0401989799333,TOLIMA,LÍBANO,73
73443,SAN SEBASTIÁN DE MARIQUITA - TOLIMA,5.23828505205625,-74.9159723277375,TOLIMA,SAN SEBASTIÁN DE MARIQUITA,73
73449,MELGAR - TOLIMA,4.19188801880207,-74.6190565478792,TOLIMA,MELGAR,73
73461,MURILLO - TOLIMA,4.81966271694,-75.1501264941,TOLIMA,MURILLO,73
73483,NATAGAIMA - TOLIMA,3.5265780396704,-75.1255977866134,TOLIMA,NATAGAIMA,73
73504,ORTEGA - TOLIMA,3.91351310894249,-75.248834076316,TOLIMA,ORTEGA,73
73520,PALOCABILDO - TOLIMA,5.10064646051345,-75.0196741015787,TOLIMA,PALOCABILDO,73
73547,PIEDRAS - TOLIMA,4.454451927048,-74.96993326458,TOLIMA,PIEDRAS,73
73555,PLANADAS - TOLIMA,3.17972244419,-75.6718582562875,TOLIMA,PLANADAS,73
73563,PRADO - TOLIMA,3.74543204187333,-74.8301070508,TOLIMA,PRADO,73
73585,PURIFICACIÓN - TOLIMA,3.85865919706,-74.9014709536445,TOLIMA,PURIFICACIÓN,73
73616,RIOBLANCO - TOLIMA,3.44158014299817,-75.7955721915282,TOLIMA,RIOBLANCO,73
73622,RONCESVALLES - TOLIMA,4.07748931011,-75.5662475824333,TOLIMA,RONCESVALLES,73
73624,ROVIRA - TOLIMA,4.17292542897222,-75.3345488227111,TOLIMA,ROVIRA,73
73671,SALDAÑA - TOLIMA,3.903309283054,-75.01875136194,TOLIMA,SALDAÑA,73
73675,SAN ANTONIO - TOLIMA,3.9736225096725,-75.464605665225,TOLIMA,SAN ANTONIO,73
73678,SAN LUIS - TOLIMA,4.2162698354,-75.09733543945,TOLIMA,SAN LUIS,73
73686,SANTA ISABEL - TOLIMA,4.73998272019667,-75.0662941301,TOLIMA,SANTA ISABEL,73
73770,SUÁREZ - TOLIMA,4.0086806602608,-74.8334851937024,TOLIMA,SUÁREZ,73
73854,VALLE DE SAN JUAN - TOLIMA,4.19748503246,-75.1155895489,TOLIMA,VALLE DE SAN JUAN,73
73861,VENADILLO - TOLIMA,4.729897234794,-74.94233403152,TOLIMA,VENADILLO,73
73870,VILLAHERMOSA - TOLIMA,5.03029544523,-75.117789876,TOLIMA,VILLAHERMOSA,73
73873,VILLARRICA - TOLIMA,3.9035568300575,-74.61876150455,TOLIMA,VILLARRICA,73
76001,CALI - VALLE DEL CAUCA,3.40659584206962,-76.565809904941,VALLE DEL CAUCA,CALI,76
76020,ALCALÁ - VALLE DEL CAUCA,4.6774584647005,-75.7744699561078,VALLE DEL CAUCA,ALCALÁ,76
76036,ANDALUCÍA - VALLE DEL CAUCA,4.1672477888477,-76.1917755237955,VALLE DEL CAUCA,ANDALUCÍA,76
76041,ANSERMANUEVO - VALLE DEL CAUCA,4.80832604535167,-76.0186212830333,VALLE DEL CAUCA,ANSERMANUEVO,76
76054,ARGELIA - VALLE DEL CAUCA,4.72855770694,-76.1415246956,VALLE DEL CAUCA,ARGELIA,76
76100,BOLÍVAR - VALLE DEL CAUCA,4.35565809952417,-76.2701331270083,VALLE DEL CAUCA,BOLÍVAR,76
76109,BUENAVENTURA - VALLE DEL CAUCA,3.59117779623705,-77.1383215301617,VALLE DEL CAUCA,BUENAVENTURA,76
76111,GUADALAJARA DE BUGA - VALLE DEL CAUCA,3.88966507612842,-76.2658882927211,VALLE DEL CAUCA,GUADALAJARA DE BUGA,76
76113,BUGALAGRANDE - VALLE DEL CAUCA,4.208487486315,-76.0951079359125,VALLE DEL CAUCA,BUGALAGRANDE,76
76122,CAICEDONIA - VALLE DEL CAUCA,4.31308614862392,-75.8361849485677,VALLE DEL CAUCA,CAICEDONIA,76
76126,CALIMA - VALLE DEL CAUCA,3.94928071604984,-76.5650662434844,VALLE DEL CAUCA,CALIMA,76
76130,CANDELARIA - VALLE DEL CAUCA,3.38909997666889,-76.3908552251259,VALLE DEL CAUCA,CANDELARIA,76
76147,CARTAGO - VALLE DEL CAUCA,4.72252475078,-75.9357886635,VALLE DEL CAUCA,CARTAGO,76
76233,DAGUA - VALLE DEL CAUCA,3.64815538089847,-76.6985169681495,VALLE DEL CAUCA,DAGUA,76
76243,EL ÁGUILA - VALLE DEL CAUCA,4.90913207713429,-76.0461481759571,VALLE DEL CAUCA,EL ÁGUILA,76
76246,EL CAIRO - VALLE DEL CAUCA,4.770612325855,-76.1982169063,VALLE DEL CAUCA,EL CAIRO,76
76248,EL CERRITO - VALLE DEL CAUCA,3.6600534802,-76.21645249496,VALLE DEL CAUCA,EL CERRITO,76
76250,EL DOVIO - VALLE DEL CAUCA,4.52546233252274,-76.2986962374148,VALLE DEL CAUCA,EL DOVIO,76
76275,FLORIDA - VALLE DEL CAUCA,3.30439797580538,-76.2423873816615,VALLE DEL CAUCA,FLORIDA,76
76306,GINEBRA - VALLE DEL CAUCA,3.726824309526,-76.26346633966,VALLE DEL CAUCA,GINEBRA,76
76318,GUACARÍ - VALLE DEL CAUCA,3.78183942178887,-76.2999641838863,VALLE DEL CAUCA,GUACARÍ,76
76364,JAMUNDÍ - VALLE DEL CAUCA,3.20507977847968,-76.5918736704362,VALLE DEL CAUCA,JAMUNDÍ,76
76377,LA CUMBRE - VALLE DEL CAUCA,3.66328542681179,-76.5940282653827,VALLE DEL CAUCA,LA CUMBRE,76
76400,LA UNIÓN - VALLE DEL CAUCA,4.54157891685667,-76.1124123480222,VALLE DEL CAUCA,LA UNIÓN,76
76403,LA VICTORIA - VALLE DEL CAUCA,4.50500594031143,-75.9711154382857,VALLE DEL CAUCA,LA VICTORIA,76
76497,OBANDO - VALLE DEL CAUCA,4.60787715398,-75.9532921799125,VALLE DEL CAUCA,OBANDO,76
76520,PALMIRA - VALLE DEL CAUCA,3.54567710257055,-76.2947094159141,VALLE DEL CAUCA,PALMIRA,76
76563,PRADERA - VALLE DEL CAUCA,3.40852784251444,-76.2245441100445,VALLE DEL CAUCA,PRADERA,76
76606,RESTREPO - VALLE DEL CAUCA,3.80743433912837,-76.5518496677343,VALLE DEL CAUCA,RESTREPO,76
76616,RIOFRÍO - VALLE DEL CAUCA,4.11283389968103,-76.3569863573289,VALLE DEL CAUCA,RIOFRÍO,76
76622,ROLDANILLO - VALLE DEL CAUCA,4.44127744972125,-76.1510119529375,VALLE DEL CAUCA,ROLDANILLO,76
76670,SAN PEDRO - VALLE DEL CAUCA,3.98526649388571,-76.2352610343572,VALLE DEL CAUCA,SAN PEDRO,76
76736,SEVILLA - VALLE DEL CAUCA,4.28620606140554,-75.9129766880462,VALLE DEL CAUCA,SEVILLA,76
76823,TORO - VALLE DEL CAUCA,4.62970316637333,-76.0662068704333,VALLE DEL CAUCA,TORO,76
76828,TRUJILLO - VALLE DEL CAUCA,4.21905840448944,-76.328838751414,VALLE DEL CAUCA,TRUJILLO,76
76834,TULUÁ - VALLE DEL CAUCA,4.06585977386987,-76.1368770563976,VALLE DEL CAUCA,TULUÁ,76
76845,ULLOA - VALLE DEL CAUCA,4.70565428547,-75.7672452142,VALLE DEL CAUCA,ULLOA,76
76863,VERSALLES - VALLE DEL CAUCA,4.61388786575143,-76.1920167964714,VALLE DEL CAUCA,VERSALLES,76
76869,VIJES - VALLE DEL CAUCA,3.74736603385429,-76.4689264604714,VALLE DEL CAUCA,VIJES,76
76890,YOTOCO - VALLE DEL CAUCA,3.91770820236909,-76.3880892224182,VALLE DEL CAUCA,YOTOCO,76
76892,YUMBO - VALLE DEL CAUCA,3.59244211392161,-76.5131268979858,VALLE DEL CAUCA,YUMBO,76
76895,ZARZAL - VALLE DEL CAUCA,4.37534403569,-76.0024916532,VALLE DEL CAUCA,ZARZAL,76
81001,ARAUCA - ARAUCA,6.91600526696188,-70.5473126610302,ARAUCA,ARAUCA,81
81065,ARAUQUITA - ARAUCA,6.86098733791993,-71.3656072631517,ARAUCA,ARAUQUITA,81
81220,CRAVO NORTE - ARAUCA,6.30339369864,-70.2035675603,ARAUCA,CRAVO NORTE,81
81300,FORTUL - ARAUCA,6.73721038151064,-71.8079412204391,ARAUCA,FORTUL,81
81591,PUERTO RONDÓN - ARAUCA,6.28786436698,-71.16486303185,ARAUCA,PUERTO RONDÓN,81
81736,SARAVENA - ARAUCA,6.92384983171536,-71.8388394699366,ARAUCA,SARAVENA,81
81794,TAME - ARAUCA,6.41355166018749,-71.7094632726069,ARAUCA,TAME,81
85001,YOPAL - CASANARE,5.27091180068099,-72.3162339986489,CASANARE,YOPAL,85
85010,AGUAZUL - CASANARE,5.1455791205603,-72.5567725185668,CASANARE,AGUAZUL,85
85015,CHÁMEZA - CASANARE,5.21462671788,-72.8698899916,CASANARE,CHÁMEZA,85
85125,HATO COROZAL - CASANARE,6.0600849628522,-71.4824832245755,CASANARE,HATO COROZAL,85
85136,LA SALINA - CASANARE,6.1278203601,-72.3339677886,CASANARE,LA SALINA,85
85139,MANÍ - CASANARE,4.68461782598662,-72.1824789467203,CASANARE,MANÍ,85
85162,MONTERREY - CASANARE,4.84464546890494,-72.8810495716398,CASANARE,MONTERREY,85
85225,NUNCHÍA - CASANARE,5.58453668041,-72.14693484215,CASANARE,NUNCHÍA,85
85230,OROCUÉ - CASANARE,4.9054193385231,-71.6050657222368,CASANARE,OROCUÉ,85
85250,PAZ DE ARIPORO - CASANARE,5.79628263944108,-71.1291917242197,CASANARE,PAZ DE ARIPORO,85
85263,PORE - CASANARE,5.72676620203,-71.9923928081,CASANARE,PORE,85
85279,RECETOR - CASANARE,5.2461070050299,-72.7658630456849,CASANARE,RECETOR,85
85300,SABANALARGA - CASANARE,4.80707611896667,-73.0363258287,CASANARE,SABANALARGA,85
85315,SÁCAMA - CASANARE,6.09789911488,-72.2488935738,CASANARE,SÁCAMA,85
85325,SAN LUIS DE PALENQUE - CASANARE,5.2352130933948,-71.4779127414864,CASANARE,SAN LUIS DE PALENQUE,85
85400,TÁMARA - CASANARE,5.83520348939333,-72.1124374253333,CASANARE,TÁMARA,85
85410,TAURAMENA - CASANARE,4.76045365926966,-72.6527842110615,CASANARE,TAURAMENA,85
85430,TRINIDAD - CASANARE,5.32337658496152,-71.1776394938165,CASANARE,TRINIDAD,85
85440,VILLANUEVA - CASANARE,4.5287430981625,-72.81386196265,CASANARE,VILLANUEVA,85
86001,MOCOA - PUTUMAYO,1.18611731165098,-76.6585524184651,PUTUMAYO,MOCOA,86
86219,COLÓN - PUTUMAYO,1.2125348945529,-76.9613214879998,PUTUMAYO,COLÓN,86
86320,ORITO - PUTUMAYO,0.67324842965525,-76.933645286952,PUTUMAYO,ORITO,86
86568,PUERTO ASÍS - PUTUMAYO,0.462015942801418,-76.4603107015118,PUTUMAYO,PUERTO ASÍS,86
86569,PUERTO CAICEDO - PUTUMAYO,0.68927760232962,-76.5560920950897,PUTUMAYO,PUERTO CAICEDO,86
86571,PUERTO GUZMÁN - PUTUMAYO,0.880643981813114,-76.0300041836777,PUTUMAYO,PUERTO GUZMÁN,86
86573,PUERTO LEGUÍZAMO - PUTUMAYO,0.054559754816018,-75.1121851392727,PUTUMAYO,PUERTO LEGUÍZAMO,86
86749,SIBUNDOY - PUTUMAYO,1.222331476262,-76.9151289520918,PUTUMAYO,SIBUNDOY,86
86755,SAN FRANCISCO - PUTUMAYO,1.15915024251995,-76.853209930122,PUTUMAYO,SAN FRANCISCO,86
86757,SAN MIGUEL - PUTUMAYO,0.301049832336915,-76.8623825600052,PUTUMAYO,SAN MIGUEL,86
86760,SANTIAGO - PUTUMAYO,1.13829411444,-76.99711718875,PUTUMAYO,SANTIAGO,86
86865,VALLE DEL GUAMUEZ - PUTUMAYO,0.413469986561375,-76.8819857831767,PUTUMAYO,VALLE DEL GUAMUEZ,86
86885,VILLAGARZÓN - PUTUMAYO,0.90543407792244,-76.7028917104385,PUTUMAYO,VILLAGARZÓN,86
88001,"SAN ANDRÉS - ARCHIPIÉLAGO DE SAN ANDRÉS, PROVIDENCIA Y",12.5536641663632,-81.7108570731625,"ARCHIPIÉLAGO DE SAN ANDRÉS, PROVIDENCIA Y",SAN ANDRÉS,88
88564,"PROVIDENCIA - ARCHIPIÉLAGO DE SAN ANDRÉS, PROVIDENCIA Y",13.3534822132714,-81.3783836895,"ARCHIPIÉLAGO DE SAN ANDRÉS, PROVIDENCIA Y",PROVIDENCIA,88
91001,LETICIA - AMAZONAS,-3.62867794325084,-70.0556630158502,AMAZONAS,LETICIA,91
91263,EL ENCANTO - AMAZONAS,-1.9972407698593,-72.7236775152618,AMAZONAS,EL ENCANTO,91
91405,LA CHORRERA - AMAZONAS,-1.2404731998549,-72.7606267761654,AMAZONAS,LA CHORRERA,91
91407,LA PEDRERA - AMAZONAS,-1.4271219128895,-70.0383136816334,AMAZONAS,LA PEDRERA,91
91430,LA VICTORIA - AMAZONAS,-0.1250162215811,-71.1048789152368,AMAZONAS,LA VICTORIA,91
91460,MIRITÍ - PARANÁ - AMAZONAS,-0.6870310023038,-71.1855476576424,AMAZONAS,MIRITÍ - PARANÁ,91
91530,PUERTO ALEGRÍA - AMAZONAS,-0.9521385983484,-73.7572668802448,AMAZONAS,PUERTO ALEGRÍA,91
91536,PUERTO ARICA - AMAZONAS,-1.9108737575791,-71.1484085320741,AMAZONAS,PUERTO ARICA,91
91540,PUERTO NARIÑO - AMAZONAS,-3.64635561191187,-70.4635315879411,AMAZONAS,PUERTO NARIÑO,91
91669,PUERTO SANTANDER - AMAZONAS,-1.1010419460464,-71.9389897300796,AMAZONAS,PUERTO SANTANDER,91
91798,TARAPACÁ - AMAZONAS,-2.4517877802874,-70.0065211718529,AMAZONAS,TARAPACÁ,91
94001,INÍRIDA - GUAINÍA,3.6973524434424,-68.0501303925955,GUAINÍA,INÍRIDA,94
94343,BARRANCO MINAS - GUAINÍA,3.31238003154795,-69.3978809708179,GUAINÍA,BARRANCO MINAS,94
94663,MAPIRIPANA - GUAINÍA,2.87505128464705,-70.2034263033078,GUAINÍA,MAPIRIPANA,94
94883,SAN FELIPE - GUAINÍA,2.1558892409572,-67.3398520668658,GUAINÍA,SAN FELIPE,94
94884,PUERTO COLOMBIA - GUAINÍA,2.5447470874544,-68.2369729433626,GUAINÍA,PUERTO COLOMBIA,94
94885,LA GUADALUPE - GUAINÍA,1.4045336333634,-67.0015167616364,GUAINÍA,LA GUADALUPE,94
94886,CACAHUAL - GUAINÍA,3.3861515793757,-67.5850914727754,GUAINÍA,CACAHUAL,94
94887,PANA PANA - GUAINÍA,1.97723187197873,-69.118096746256,GUAINÍA,PANA PANA,94
94888,MORICHAL - GUAINÍA,2.4214560441858,-69.8400442100505,GUAINÍA,MORICHAL,94
95001,SAN JOSÉ DEL GUAVIARE - GUAVIARE,2.48439169659633,-72.107003761815,GUAVIARE,SAN JOSÉ DEL GUAVIARE,95
95015,CALAMAR - GUAVIARE,1.72860662910327,-72.9078286086645,GUAVIARE,CALAMAR,95
95025,EL RETORNO - GUAVIARE,2.14771146250171,-72.1067010196038,GUAVIARE,EL RETORNO,95
95200,MIRAFLORES - GUAVIARE,1.37433350750521,-72.0388674356958,GUAVIARE,MIRAFLORES,95
97001,MITÚ - VAUPÉS,1.04355436829878,-70.3535849813516,VAUPÉS,MITÚ,97
97161,CARURÚ - VAUPÉS,1.01130519127,-71.2936075006,VAUPÉS,CARURÚ,97
97511,PACOA - VAUPÉS,0.1947752371697,-70.9364645513184,VAUPÉS,PACOA,97
97666,TARAIRA - VAUPÉS,-0.6422157110165,-69.76804473845,VAUPÉS,TARAIRA,97
97777,PAPUNAHUA - VAUPÉS,1.6816267538062,-70.706219559636,VAUPÉS,PAPUNAHUA,97
97889,YAVARATÉ - VAUPÉS,0.8306671469572,-69.6173055432899,VAUPÉS,YAVARATÉ,97
99001,PUERTO CARREÑO - VICHADA,5.86075768492731,-67.9972936782738,VICHADA,PUERTO CARREÑO,99
99524,LA PRIMAVERA - VICHADA,5.52609227633167,-69.863947557,VICHADA,LA PRIMAVERA,99
99624,SANTA ROSALÍA - VICHADA,4.99286057942,-70.95047109195,VICHADA,SANTA ROSALÍA,99
99773,CUMARIBO - VICHADA,4.31096154907174,-69.6505576855988,VICHADA,CUMARIBO,99
